SPRINT 2 EDGE CASE REPORT
==================================================

Abbott India Ltd (Dec 2012)
ROE Difference : 12.49%
Category : Data Source Issue

Abbott India Ltd (Dec 2012)
ROCE Difference : 14.78%
Category : Formula Difference

Abbott India Ltd (Mar 2014)
ROE Difference : 9.77%
Category : Data Source Issue

Abbott India Ltd (Mar 2014)
ROCE Difference : 12.12%
Category : Formula Difference

Abbott India Ltd (Mar 2014)
ROE Difference : 9.77%
Category : Data Source Issue

Abbott India Ltd (Mar 2014)
ROCE Difference : 12.12%
Category : Formula Difference

Abbott India Ltd (Mar 2015)
ROE Difference : 10.46%
Category : Data Source Issue

Abbott India Ltd (Mar 2015)
ROCE Difference : 12.70%
Category : Formula Difference

Abbott India Ltd (Mar 2015)
ROE Difference : 10.46%
Category : Data Source Issue

Abbott India Ltd (Mar 2015)
ROCE Difference : 12.70%
Category : Formula Difference

Abbott India Ltd (Mar 2016)
ROE Difference : 13.56%
Category : Data Source Issue

Abbott India Ltd (Mar 2016)
ROCE Difference : 15.46%
Category : Formula Difference

Abbott India Ltd (Mar 2016)
ROE Difference : 13.56%
Category : Data Source Issue

Abbott India Ltd (Mar 2016)
ROCE Difference : 15.46%
Category : Formula Difference

Abbott India Ltd (Mar 2017)
ROE Difference : 14.93%
Category : Data Source Issue

Abbott India Ltd (Mar 2017)
ROCE Difference : 17.30%
Category : Formula Difference

Abbott India Ltd (Mar 2017)
ROE Difference : 14.93%
Category : Data Source Issue

Abbott India Ltd (Mar 2017)
ROCE Difference : 17.30%
Category : Formula Difference

Abbott India Ltd (Mar 2018)
ROE Difference : 11.21%
Category : Data Source Issue

Abbott India Ltd (Mar 2018)
ROCE Difference : 14.99%
Category : Formula Difference

Abbott India Ltd (Mar 2018)
ROE Difference : 11.21%
Category : Data Source Issue

Abbott India Ltd (Mar 2018)
ROCE Difference : 14.99%
Category : Formula Difference

Abbott India Ltd (Mar 2019)
ROE Difference : 12.49%
Category : Data Source Issue

Abbott India Ltd (Mar 2019)
ROCE Difference : 15.87%
Category : Formula Difference

Abbott India Ltd (Mar 2019)
ROE Difference : 12.49%
Category : Data Source Issue

Abbott India Ltd (Mar 2019)
ROCE Difference : 15.87%
Category : Formula Difference

Abbott India Ltd (Mar 2020)
ROE Difference : 10.51%
Category : Data Source Issue

Abbott India Ltd (Mar 2020)
ROCE Difference : 16.95%
Category : Formula Difference

Abbott India Ltd (Mar 2020)
ROE Difference : 10.51%
Category : Data Source Issue

Abbott India Ltd (Mar 2020)
ROCE Difference : 16.95%
Category : Formula Difference

Abbott India Ltd (Mar 2021)
ROE Difference : 8.34%
Category : Data Source Issue

Abbott India Ltd (Mar 2021)
ROCE Difference : 12.53%
Category : Formula Difference

Abbott India Ltd (Mar 2021)
ROE Difference : 8.34%
Category : Data Source Issue

Abbott India Ltd (Mar 2021)
ROCE Difference : 12.53%
Category : Formula Difference

Abbott India Ltd (Mar 2022)
ROE Difference : 6.57%
Category : Data Source Issue

Abbott India Ltd (Mar 2022)
ROCE Difference : 9.59%
Category : Formula Difference

Abbott India Ltd (Mar 2022)
ROE Difference : 6.57%
Category : Data Source Issue

Abbott India Ltd (Mar 2022)
ROCE Difference : 9.59%
Category : Formula Difference

Abbott India Ltd (Mar 2023)
ROE Difference : 5.13%
Category : Data Source Issue

Abbott India Ltd (Mar 2023)
ROCE Difference : 9.47%
Category : Formula Difference

Abbott India Ltd (Mar 2023)
ROE Difference : 5.13%
Category : Data Source Issue

Abbott India Ltd (Mar 2023)
ROCE Difference : 9.47%
Category : Formula Difference

Abbott India Ltd (Mar 2024)
ROCE Difference : 7.58%
Category : Formula Difference

Abbott India Ltd (Mar 2024)
ROCE Difference : 7.58%
Category : Formula Difference

Adani Energy Solutions Ltd (Mar 2014)
ROE Difference : 8.59%
Category : Data Source Issue

Adani Energy Solutions Ltd (Mar 2014)
ROCE Difference : 9.00%
Category : Formula Difference

Adani Energy Solutions Ltd (Mar 2015)
ROE Difference : 9.24%
Category : Data Source Issue

Adani Energy Solutions Ltd (Mar 2015)
ROCE Difference : 8.06%
Category : Formula Difference

Adani Energy Solutions Ltd (Mar 2016)
ROE Difference : 5.18%
Category : Data Source Issue

Adani Energy Solutions Ltd (Mar 2016)
ROCE Difference : 8.12%
Category : Formula Difference

Adani Energy Solutions Ltd (Mar 2017)
ROE Difference : 5.53%
Category : Data Source Issue

Adani Energy Solutions Ltd (Mar 2017)
ROCE Difference : 7.63%
Category : Formula Difference

Adani Energy Solutions Ltd (Mar 2018)
ROE Difference : 10.28%
Category : Data Source Issue

Adani Energy Solutions Ltd (Mar 2018)
ROCE Difference : 8.14%
Category : Formula Difference

Adani Energy Solutions Ltd (Mar 2021)
ROE Difference : 5.87%
Category : Data Source Issue

Adani Enterprises Ltd (Mar 2013)
ROE Difference : 7.95%
Category : Data Source Issue

Adani Enterprises Ltd (Mar 2016)
ROE Difference : 6.17%
Category : Data Source Issue

Adani Enterprises Ltd (Mar 2016)
ROCE Difference : 6.43%
Category : Formula Difference

Adani Enterprises Ltd (Mar 2017)
ROE Difference : 7.10%
Category : Data Source Issue

Adani Enterprises Ltd (Mar 2017)
ROCE Difference : 6.16%
Category : Formula Difference

Adani Enterprises Ltd (Mar 2018)
ROE Difference : 9.70%
Category : Data Source Issue

Adani Enterprises Ltd (Mar 2018)
ROCE Difference : 5.37%
Category : Formula Difference

Adani Enterprises Ltd (Mar 2019)
ROE Difference : 10.21%
Category : Data Source Issue

Adani Enterprises Ltd (Mar 2020)
ROE Difference : 7.50%
Category : Data Source Issue

Adani Enterprises Ltd (Mar 2021)
ROE Difference : 7.54%
Category : Data Source Issue

Adani Enterprises Ltd (Mar 2022)
ROE Difference : 10.10%
Category : Data Source Issue

Adani Enterprises Ltd (Mar 2022)
ROCE Difference : 5.78%
Category : Formula Difference

Adani Enterprises Ltd (Mar 2023)
ROE Difference : 6.31%
Category : Data Source Issue

Adani Enterprises Ltd (Mar 2024)
ROE Difference : 5.11%
Category : Data Source Issue

Adani Green Energy Ltd (Mar 2017)
ROE Difference : 18.61%
Category : Data Source Issue

Adani Green Energy Ltd (Mar 2017)
ROCE Difference : 89.24%
Category : Formula Difference

Adani Green Energy Ltd (Mar 2018)
ROE Difference : 24.99%
Category : Data Source Issue

Adani Green Energy Ltd (Mar 2018)
ROCE Difference : 88.98%
Category : Formula Difference

Adani Green Energy Ltd (Mar 2019)
ROE Difference : 39.27%
Category : Data Source Issue

Adani Green Energy Ltd (Mar 2019)
ROCE Difference : 84.83%
Category : Formula Difference

Adani Green Energy Ltd (Mar 2020)
ROE Difference : 17.59%
Category : Data Source Issue

Adani Green Energy Ltd (Mar 2020)
ROCE Difference : 88.08%
Category : Formula Difference

Adani Green Energy Ltd (Mar 2021)
ROE Difference : 6.43%
Category : Data Source Issue

Adani Green Energy Ltd (Mar 2021)
ROCE Difference : 88.01%
Category : Formula Difference

Adani Green Energy Ltd (Mar 2022)
ROCE Difference : 90.17%
Category : Formula Difference

Adani Green Energy Ltd (Mar 2023)
ROCE Difference : 88.42%
Category : Formula Difference

Adani Green Energy Ltd (Mar 2024)
ROCE Difference : 86.70%
Category : Formula Difference

Adani Ports & Special Economic Zone Ltd
 (Mar 2013)
ROE Difference : 7.53%
Category : Data Source Issue

Adani Ports & Special Economic Zone Ltd
 (Mar 2022)
ROE Difference : 6.26%
Category : Data Source Issue

Adani Ports & Special Economic Zone Ltd
 (Mar 2023)
ROE Difference : 6.22%
Category : Data Source Issue

Adani Ports & Special Economic Zone Ltd
 (Mar 2013)
ROE Difference : 7.53%
Category : Data Source Issue

Adani Ports & Special Economic Zone Ltd
 (Mar 2022)
ROE Difference : 6.26%
Category : Data Source Issue

Adani Ports & Special Economic Zone Ltd
 (Mar 2023)
ROE Difference : 6.22%
Category : Data Source Issue

Adani Power Ltd (Mar 2013)
ROE Difference : 110.56%
Category : Data Source Issue

Adani Power Ltd (Mar 2013)
ROCE Difference : 30.12%
Category : Formula Difference

Adani Power Ltd (Mar 2014)
ROE Difference : 61.55%
Category : Data Source Issue

Adani Power Ltd (Mar 2014)
ROCE Difference : 23.14%
Category : Formula Difference

Adani Power Ltd (Mar 2015)
ROE Difference : 71.35%
Category : Data Source Issue

Adani Power Ltd (Mar 2015)
ROCE Difference : 22.93%
Category : Formula Difference

Adani Power Ltd (Mar 2016)
ROE Difference : 49.72%
Category : Data Source Issue

Adani Power Ltd (Mar 2016)
ROCE Difference : 17.58%
Category : Formula Difference

Adani Power Ltd (Mar 2017)
ROE Difference : 262.90%
Category : Data Source Issue

Adani Power Ltd (Mar 2017)
ROCE Difference : 21.42%
Category : Formula Difference

Adani Power Ltd (Mar 2018)
ROE Difference : 293.66%
Category : Data Source Issue

Adani Power Ltd (Mar 2018)
ROCE Difference : 22.08%
Category : Formula Difference

Adani Power Ltd (Mar 2019)
ROE Difference : 69.86%
Category : Data Source Issue

Adani Power Ltd (Mar 2019)
ROCE Difference : 23.09%
Category : Formula Difference

Adani Power Ltd (Mar 2020)
ROE Difference : 92.20%
Category : Data Source Issue

Adani Power Ltd (Mar 2020)
ROCE Difference : 22.90%
Category : Formula Difference

Adani Power Ltd (Mar 2021)
ROE Difference : 47.41%
Category : Data Source Issue

Adani Power Ltd (Mar 2021)
ROCE Difference : 18.96%
Category : Formula Difference

Adani Power Ltd (Mar 2022)
ROE Difference : 30.49%
Category : Data Source Issue

Adani Power Ltd (Mar 2022)
ROCE Difference : 17.58%
Category : Formula Difference

Adani Power Ltd (Mar 2023)
ROE Difference : 21.19%
Category : Data Source Issue

Adani Power Ltd (Mar 2023)
ROCE Difference : 18.22%
Category : Formula Difference

Adani Power Ltd (Mar 2024)
ROE Difference : 8.82%
Category : Data Source Issue

Adani Power Ltd (Mar 2024)
ROCE Difference : 8.76%
Category : Formula Difference

Ambuja Cements Ltd (Dec 2012)
ROE Difference : 5.45%
Category : Data Source Issue

Ambuja Cements Ltd (Dec 2012)
ROCE Difference : 15.12%
Category : Formula Difference

Ambuja Cements Ltd (Dec 2014)
ROE Difference : 5.53%
Category : Data Source Issue

Ambuja Cements Ltd (Dec 2014)
ROCE Difference : 6.34%
Category : Formula Difference

Ambuja Cements Ltd (Dec 2017)
ROCE Difference : 5.84%
Category : Formula Difference

Ambuja Cements Ltd (Dec 2018)
ROCE Difference : 5.10%
Category : Formula Difference

Ambuja Cements Ltd (Dec 2019)
ROCE Difference : 6.26%
Category : Formula Difference

Ambuja Cements Ltd (Dec 2020)
ROCE Difference : 8.75%
Category : Formula Difference

Ambuja Cements Ltd (Dec 2021)
ROE Difference : 5.40%
Category : Data Source Issue

Ambuja Cements Ltd (Dec 2021)
ROCE Difference : 11.24%
Category : Formula Difference

Apollo Hospitals
Chain of Indian private hospitals (Mar 2016)
ROE Difference : 6.76%
Category : Data Source Issue

Apollo Hospitals
Chain of Indian private hospitals (Mar 2016)
ROCE Difference : 6.11%
Category : Formula Difference

Apollo Hospitals
Chain of Indian private hospitals (Mar 2017)
ROE Difference : 9.86%
Category : Data Source Issue

Apollo Hospitals
Chain of Indian private hospitals (Mar 2017)
ROCE Difference : 5.80%
Category : Formula Difference

Apollo Hospitals
Chain of Indian private hospitals (Mar 2018)
ROE Difference : 11.96%
Category : Data Source Issue

Apollo Hospitals
Chain of Indian private hospitals (Mar 2018)
ROCE Difference : 5.21%
Category : Formula Difference

Apollo Hospitals
Chain of Indian private hospitals (Mar 2019)
ROE Difference : 7.81%
Category : Data Source Issue

Apollo Hospitals
Chain of Indian private hospitals (Mar 2020)
ROCE Difference : 5.74%
Category : Formula Difference

Apollo Hospitals
Chain of Indian private hospitals (Mar 2021)
ROE Difference : 10.83%
Category : Data Source Issue

Apollo Hospitals
Chain of Indian private hospitals (Mar 2022)
ROE Difference : 5.89%
Category : Data Source Issue

Apollo Hospitals
Chain of Indian private hospitals (Mar 2022)
ROCE Difference : 5.39%
Category : Formula Difference

Asian Paints
Indian Multi-National Paint and Coating Manufacturing Company (Mar 2013)
ROCE Difference : 6.04%
Category : Formula Difference

Asian Paints
Indian Multi-National Paint and Coating Manufacturing Company (Mar 2013)
ROCE Difference : 6.04%
Category : Formula Difference

Asian Paints
Indian Multi-National Paint and Coating Manufacturing Company (Mar 2017)
ROCE Difference : 5.08%
Category : Formula Difference

Asian Paints
Indian Multi-National Paint and Coating Manufacturing Company (Mar 2017)
ROCE Difference : 5.08%
Category : Formula Difference

Asian Paints
Indian Multi-National Paint and Coating Manufacturing Company (Mar 2018)
ROE Difference : 6.50%
Category : Data Source Issue

Asian Paints
Indian Multi-National Paint and Coating Manufacturing Company (Mar 2018)
ROCE Difference : 5.92%
Category : Formula Difference

Asian Paints
Indian Multi-National Paint and Coating Manufacturing Company (Mar 2018)
ROE Difference : 6.50%
Category : Data Source Issue

Asian Paints
Indian Multi-National Paint and Coating Manufacturing Company (Mar 2018)
ROCE Difference : 5.92%
Category : Formula Difference

Asian Paints
Indian Multi-National Paint and Coating Manufacturing Company (Mar 2019)
ROE Difference : 8.14%
Category : Data Source Issue

Asian Paints
Indian Multi-National Paint and Coating Manufacturing Company (Mar 2019)
ROCE Difference : 6.86%
Category : Formula Difference

Asian Paints
Indian Multi-National Paint and Coating Manufacturing Company (Mar 2019)
ROE Difference : 8.14%
Category : Data Source Issue

Asian Paints
Indian Multi-National Paint and Coating Manufacturing Company (Mar 2019)
ROCE Difference : 6.86%
Category : Formula Difference

Asian Paints
Indian Multi-National Paint and Coating Manufacturing Company (Mar 2021)
ROE Difference : 6.41%
Category : Data Source Issue

Asian Paints
Indian Multi-National Paint and Coating Manufacturing Company (Mar 2021)
ROCE Difference : 6.81%
Category : Formula Difference

Asian Paints
Indian Multi-National Paint and Coating Manufacturing Company (Mar 2021)
ROE Difference : 6.41%
Category : Data Source Issue

Asian Paints
Indian Multi-National Paint and Coating Manufacturing Company (Mar 2021)
ROCE Difference : 6.81%
Category : Formula Difference

Asian Paints
Indian Multi-National Paint and Coating Manufacturing Company (Mar 2022)
ROE Difference : 9.11%
Category : Data Source Issue

Asian Paints
Indian Multi-National Paint and Coating Manufacturing Company (Mar 2022)
ROCE Difference : 10.55%
Category : Formula Difference

Asian Paints
Indian Multi-National Paint and Coating Manufacturing Company (Mar 2022)
ROE Difference : 9.11%
Category : Data Source Issue

Asian Paints
Indian Multi-National Paint and Coating Manufacturing Company (Mar 2022)
ROCE Difference : 10.55%
Category : Formula Difference

Asian Paints
Indian Multi-National Paint and Coating Manufacturing Company (Mar 2023)
ROE Difference : 5.22%
Category : Data Source Issue

Asian Paints
Indian Multi-National Paint and Coating Manufacturing Company (Mar 2023)
ROCE Difference : 6.83%
Category : Formula Difference

Asian Paints
Indian Multi-National Paint and Coating Manufacturing Company (Mar 2023)
ROE Difference : 5.22%
Category : Data Source Issue

Asian Paints
Indian Multi-National Paint and Coating Manufacturing Company (Mar 2023)
ROCE Difference : 6.83%
Category : Formula Difference

Asian Paints
Indian Multi-National Paint and Coating Manufacturing Company (Mar 2024)
ROCE Difference : 5.98%
Category : Formula Difference

Asian Paints
Indian Multi-National Paint and Coating Manufacturing Company (Mar 2024)
ROCE Difference : 5.98%
Category : Formula Difference

Bajaj Auto Ltd (Mar 2013)
ROE Difference : 12.35%
Category : Data Source Issue

Bajaj Auto Ltd (Mar 2013)
ROCE Difference : 11.19%
Category : Formula Difference

Bajaj Auto Ltd (Mar 2013)
ROE Difference : 12.35%
Category : Data Source Issue

Bajaj Auto Ltd (Mar 2013)
ROCE Difference : 11.19%
Category : Formula Difference

Bajaj Auto Ltd (Mar 2014)
ROE Difference : 6.74%
Category : Data Source Issue

Bajaj Auto Ltd (Mar 2014)
ROCE Difference : 7.21%
Category : Formula Difference

Bajaj Auto Ltd (Mar 2014)
ROE Difference : 6.74%
Category : Data Source Issue

Bajaj Auto Ltd (Mar 2014)
ROCE Difference : 7.21%
Category : Formula Difference

Bajaj Auto Ltd (Mar 2017)
ROCE Difference : 8.86%
Category : Formula Difference

Bajaj Auto Ltd (Mar 2017)
ROCE Difference : 8.86%
Category : Formula Difference

Bajaj Auto Ltd (Mar 2018)
ROE Difference : 5.84%
Category : Data Source Issue

Bajaj Auto Ltd (Mar 2018)
ROCE Difference : 9.91%
Category : Formula Difference

Bajaj Auto Ltd (Mar 2018)
ROE Difference : 5.84%
Category : Data Source Issue

Bajaj Auto Ltd (Mar 2018)
ROCE Difference : 9.91%
Category : Formula Difference

Bajaj Auto Ltd (Mar 2019)
ROE Difference : 5.29%
Category : Data Source Issue

Bajaj Auto Ltd (Mar 2019)
ROCE Difference : 11.25%
Category : Formula Difference

Bajaj Auto Ltd (Mar 2019)
ROE Difference : 5.29%
Category : Data Source Issue

Bajaj Auto Ltd (Mar 2019)
ROCE Difference : 11.25%
Category : Formula Difference

Bajaj Auto Ltd (Mar 2020)
ROCE Difference : 10.05%
Category : Formula Difference

Bajaj Auto Ltd (Mar 2020)
ROCE Difference : 10.05%
Category : Formula Difference

Bajaj Auto Ltd (Mar 2021)
ROE Difference : 8.69%
Category : Data Source Issue

Bajaj Auto Ltd (Mar 2021)
ROCE Difference : 15.47%
Category : Formula Difference

Bajaj Auto Ltd (Mar 2021)
ROE Difference : 8.69%
Category : Data Source Issue

Bajaj Auto Ltd (Mar 2021)
ROCE Difference : 15.47%
Category : Formula Difference

Bajaj Auto Ltd (Mar 2022)
ROE Difference : 5.85%
Category : Data Source Issue

Bajaj Auto Ltd (Mar 2022)
ROCE Difference : 15.96%
Category : Formula Difference

Bajaj Auto Ltd (Mar 2022)
ROE Difference : 5.85%
Category : Data Source Issue

Bajaj Auto Ltd (Mar 2022)
ROCE Difference : 15.96%
Category : Formula Difference

Bajaj Auto Ltd (Mar 2023)
ROE Difference : 5.86%
Category : Data Source Issue

Bajaj Auto Ltd (Mar 2023)
ROCE Difference : 11.57%
Category : Formula Difference

Bajaj Auto Ltd (Mar 2023)
ROE Difference : 5.86%
Category : Data Source Issue

Bajaj Auto Ltd (Mar 2023)
ROCE Difference : 11.57%
Category : Formula Difference

Bajaj Auto Ltd (Mar 2024)
ROCE Difference : 5.11%
Category : Formula Difference

Bajaj Auto Ltd (Mar 2024)
ROCE Difference : 5.11%
Category : Formula Difference

Axis Bank Ltd (Mar 2017)
ROE Difference : 11.87%
Category : Data Source Issue

Axis Bank Ltd (Mar 2018)
ROE Difference : 17.97%
Category : Data Source Issue

Axis Bank Ltd (Mar 2019)
ROE Difference : 11.50%
Category : Data Source Issue

Axis Bank Ltd (Mar 2020)
ROE Difference : 16.52%
Category : Data Source Issue

Axis Bank Ltd (Mar 2021)
ROE Difference : 12.04%
Category : Data Source Issue

Axis Bank Ltd (Mar 2022)
ROE Difference : 7.39%
Category : Data Source Issue

Axis Bank Ltd (Mar 2023)
ROE Difference : 11.02%
Category : Data Source Issue

Bajaj Finserv Ltd (Mar 2013)
ROE Difference : 16.66%
Category : Data Source Issue

Bajaj Finserv Ltd (Mar 2014)
ROE Difference : 11.81%
Category : Data Source Issue

Bajaj Finserv Ltd (Mar 2014)
ROCE Difference : 5.56%
Category : Formula Difference

Bajaj Finserv Ltd (Mar 2015)
ROE Difference : 10.00%
Category : Data Source Issue

Bajaj Finserv Ltd (Mar 2015)
ROCE Difference : 6.41%
Category : Formula Difference

Bajaj Finserv Ltd (Mar 2016)
ROE Difference : 8.69%
Category : Data Source Issue

Bajaj Finserv Ltd (Mar 2016)
ROCE Difference : 7.57%
Category : Formula Difference

Bajaj Finserv Ltd (Mar 2017)
ROE Difference : 9.64%
Category : Data Source Issue

Bajaj Finserv Ltd (Mar 2017)
ROCE Difference : 7.62%
Category : Formula Difference

Bajaj Finserv Ltd (Mar 2018)
ROE Difference : 8.67%
Category : Data Source Issue

Bajaj Finserv Ltd (Mar 2018)
ROCE Difference : 8.62%
Category : Formula Difference

Bajaj Finserv Ltd (Mar 2019)
ROE Difference : 10.92%
Category : Data Source Issue

Bajaj Finserv Ltd (Mar 2019)
ROCE Difference : 8.96%
Category : Formula Difference

Bajaj Finserv Ltd (Mar 2020)
ROE Difference : 7.43%
Category : Data Source Issue

Bajaj Finserv Ltd (Mar 2020)
ROCE Difference : 9.62%
Category : Formula Difference

Bajaj Finserv Ltd (Mar 2021)
ROE Difference : 8.84%
Category : Data Source Issue

Bajaj Finserv Ltd (Mar 2021)
ROCE Difference : 9.18%
Category : Formula Difference

Bajaj Finserv Ltd (Mar 2022)
ROE Difference : 8.94%
Category : Data Source Issue

Bajaj Finserv Ltd (Mar 2022)
ROCE Difference : 10.49%
Category : Formula Difference

Bajaj Finserv Ltd (Mar 2023)
ROE Difference : 14.59%
Category : Data Source Issue

Bajaj Finserv Ltd (Mar 2023)
ROCE Difference : 9.59%
Category : Formula Difference

Bajaj Finserv Ltd (Mar 2024)
ROE Difference : 14.13%
Category : Data Source Issue

Bajaj Finserv Ltd (Mar 2024)
ROCE Difference : 9.43%
Category : Formula Difference

Bajaj Holdings & Investment Ltd (Mar 2013)
ROCE Difference : 9.99%
Category : Formula Difference

Bajaj Holdings & Investment Ltd (Mar 2014)
ROCE Difference : 9.77%
Category : Formula Difference

Bajaj Holdings & Investment Ltd (Mar 2015)
ROCE Difference : 9.49%
Category : Formula Difference

Bajaj Holdings & Investment Ltd (Mar 2016)
ROCE Difference : 10.29%
Category : Formula Difference

Bajaj Holdings & Investment Ltd (Mar 2017)
ROCE Difference : 9.58%
Category : Formula Difference

Bajaj Holdings & Investment Ltd (Mar 2018)
ROCE Difference : 11.69%
Category : Formula Difference

Bajaj Holdings & Investment Ltd (Mar 2019)
ROCE Difference : 11.81%
Category : Formula Difference

Bajaj Holdings & Investment Ltd (Mar 2020)
ROCE Difference : 12.02%
Category : Formula Difference

Bajaj Holdings & Investment Ltd (Mar 2021)
ROCE Difference : 12.16%
Category : Formula Difference

Bajaj Holdings & Investment Ltd (Mar 2022)
ROE Difference : 5.17%
Category : Data Source Issue

Bajaj Holdings & Investment Ltd (Mar 2022)
ROCE Difference : 12.25%
Category : Formula Difference

Bajaj Holdings & Investment Ltd (Mar 2023)
ROCE Difference : 12.24%
Category : Formula Difference

Bajaj Holdings & Investment Ltd (Mar 2024)
ROCE Difference : 10.22%
Category : Formula Difference

Bajaj Finance Ltd (Mar 2015)
ROCE Difference : 6.33%
Category : Formula Difference

Bajaj Finance Ltd (Mar 2016)
ROCE Difference : 6.60%
Category : Formula Difference

Bajaj Finance Ltd (Mar 2017)
ROCE Difference : 6.38%
Category : Formula Difference

Bajaj Finance Ltd (Mar 2018)
ROE Difference : 6.35%
Category : Data Source Issue

Bajaj Finance Ltd (Mar 2018)
ROCE Difference : 6.91%
Category : Formula Difference

Bajaj Finance Ltd (Mar 2019)
ROCE Difference : 7.40%
Category : Formula Difference

Bajaj Finance Ltd (Mar 2020)
ROE Difference : 5.82%
Category : Data Source Issue

Bajaj Finance Ltd (Mar 2020)
ROCE Difference : 6.25%
Category : Formula Difference

Bajaj Finance Ltd (Mar 2021)
ROE Difference : 10.13%
Category : Data Source Issue

Bajaj Finance Ltd (Mar 2021)
ROCE Difference : 5.47%
Category : Formula Difference

Bajaj Finance Ltd (Mar 2022)
ROE Difference : 6.02%
Category : Data Source Issue

Bajaj Finance Ltd (Mar 2022)
ROCE Difference : 6.21%
Category : Formula Difference

Bajaj Finance Ltd (Mar 2023)
ROCE Difference : 7.22%
Category : Formula Difference

Bajaj Finance Ltd (Mar 2024)
ROCE Difference : 7.55%
Category : Formula Difference

Bank of Baroda (Mar 2015)
ROE Difference : 7.30%
Category : Data Source Issue

Bank of Baroda (Mar 2016)
ROE Difference : 28.54%
Category : Data Source Issue

Bank of Baroda (Mar 2017)
ROE Difference : 12.39%
Category : Data Source Issue

Bank of Baroda (Mar 2018)
ROE Difference : 20.64%
Category : Data Source Issue

Bank of Baroda (Mar 2019)
ROE Difference : 14.58%
Category : Data Source Issue

Bank of Baroda (Mar 2020)
ROE Difference : 15.41%
Category : Data Source Issue

Bank of Baroda (Mar 2021)
ROE Difference : 14.73%
Category : Data Source Issue

Bank of Baroda (Mar 2022)
ROE Difference : 8.06%
Category : Data Source Issue

Bharti Airtel Ltd (Mar 2013)
ROE Difference : 10.40%
Category : Data Source Issue

Bharti Airtel Ltd (Mar 2013)
ROCE Difference : 6.51%
Category : Formula Difference

Bharti Airtel Ltd (Mar 2014)
ROE Difference : 9.85%
Category : Data Source Issue

Bharti Airtel Ltd (Mar 2014)
ROCE Difference : 6.44%
Category : Formula Difference

Bharti Airtel Ltd (Mar 2015)
ROCE Difference : 14.18%
Category : Formula Difference

Bharti Airtel Ltd (Mar 2016)
ROCE Difference : 7.20%
Category : Formula Difference

Bharti Airtel Ltd (Mar 2017)
ROE Difference : 8.61%
Category : Data Source Issue

Bharti Airtel Ltd (Mar 2017)
ROCE Difference : 7.12%
Category : Formula Difference

Bharti Airtel Ltd (Mar 2018)
ROE Difference : 11.76%
Category : Data Source Issue

Bharti Airtel Ltd (Mar 2019)
ROE Difference : 12.54%
Category : Data Source Issue

Bharti Airtel Ltd (Mar 2020)
ROE Difference : 54.65%
Category : Data Source Issue

Bharti Airtel Ltd (Mar 2021)
ROE Difference : 35.87%
Category : Data Source Issue

Bharti Airtel Ltd (Mar 2021)
ROCE Difference : 7.32%
Category : Formula Difference

Bharti Airtel Ltd (Mar 2022)
ROCE Difference : 11.25%
Category : Formula Difference

Bharti Airtel Ltd (Mar 2023)
ROCE Difference : 10.38%
Category : Formula Difference

Bharti Airtel Ltd (Mar 2024)
ROCE Difference : 13.15%
Category : Formula Difference

Bharat Electronics Ltd (Mar 2013)
ROE Difference : 15157.03%
Category : Data Source Issue

Bharat Electronics Ltd (Mar 2013)
ROCE Difference : 2195.40%
Category : Formula Difference

Bharat Electronics Ltd (Mar 2014)
ROE Difference : 13573.70%
Category : Data Source Issue

Bharat Electronics Ltd (Mar 2014)
ROCE Difference : 3268.97%
Category : Formula Difference

Bharat Electronics Ltd (Mar 2015)
ROE Difference : 17073.70%
Category : Data Source Issue

Bharat Electronics Ltd (Mar 2015)
ROCE Difference : 3538.13%
Category : Formula Difference

Bharat Electronics Ltd (Mar 2016)
ROE Difference : 11115.37%
Category : Data Source Issue

Bharat Electronics Ltd (Mar 2016)
ROCE Difference : 3730.26%
Category : Formula Difference

Bharat Electronics Ltd (Mar 2017)
ROE Difference : 10127.03%
Category : Data Source Issue

Bharat Electronics Ltd (Mar 2017)
ROCE Difference : 4038.13%
Category : Formula Difference

Bharat Electronics Ltd (Mar 2018)
ROE Difference : 4589.83%
Category : Data Source Issue

Bharat Electronics Ltd (Mar 2018)
ROCE Difference : 2546.41%
Category : Formula Difference

Bharat Electronics Ltd (Mar 2019)
ROE Difference : 3824.72%
Category : Data Source Issue

Bharat Electronics Ltd (Mar 2019)
ROCE Difference : 2995.61%
Category : Formula Difference

Bharat Electronics Ltd (Mar 2020)
ROE Difference : 3291.88%
Category : Data Source Issue

Bharat Electronics Ltd (Mar 2020)
ROCE Difference : 2752.27%
Category : Formula Difference

Bharat Electronics Ltd (Mar 2021)
ROE Difference : 3533.02%
Category : Data Source Issue

Bharat Electronics Ltd (Mar 2021)
ROCE Difference : 2941.33%
Category : Formula Difference

Bharat Electronics Ltd (Mar 2022)
ROE Difference : 3451.96%
Category : Data Source Issue

Bharat Electronics Ltd (Mar 2022)
ROCE Difference : 2598.47%
Category : Formula Difference

Bharat Electronics Ltd (Mar 2023)
ROE Difference : 3955.03%
Category : Data Source Issue

Bharat Electronics Ltd (Mar 2023)
ROCE Difference : 3553.12%
Category : Formula Difference

Bharat Electronics Ltd (Mar 2024)
ROE Difference : 4717.75%
Category : Data Source Issue

Bharat Electronics Ltd (Mar 2024)
ROCE Difference : 3942.57%
Category : Formula Difference

Bharat Heavy Electricals Limited
 (Mar 2013)
ROE Difference : 20.86%
Category : Data Source Issue

Bharat Heavy Electricals Limited
 (Mar 2013)
ROCE Difference : 25.24%
Category : Formula Difference

Bharat Heavy Electricals Limited
 (Mar 2014)
ROE Difference : 9.51%
Category : Data Source Issue

Bharat Heavy Electricals Limited
 (Mar 2014)
ROCE Difference : 8.81%
Category : Formula Difference

Bharat Heavy Electricals Limited
 (Mar 2016)
ROCE Difference : 7.45%
Category : Formula Difference

Bharat Heavy Electricals Limited
 (Mar 2020)
ROE Difference : 6.17%
Category : Data Source Issue

Bharat Heavy Electricals Limited
 (Mar 2021)
ROE Difference : 11.44%
Category : Data Source Issue

Bharat Heavy Electricals Limited
 (Mar 2021)
ROCE Difference : 13.14%
Category : Formula Difference

Bosch Ltd (Mar 2015)
ROCE Difference : 5.96%
Category : Formula Difference

Bosch Ltd (Mar 2020)
ROE Difference : 8.99%
Category : Data Source Issue

Bosch Ltd (Mar 2021)
ROE Difference : 11.09%
Category : Data Source Issue

Bosch Ltd (Mar 2021)
ROCE Difference : 8.83%
Category : Formula Difference

Bosch Ltd (Mar 2022)
ROCE Difference : 7.01%
Category : Formula Difference

Bharat Petroleum Corporation Ltd (Mar 2013)
ROE Difference : 30.36%
Category : Data Source Issue

Bharat Petroleum Corporation Ltd (Mar 2013)
ROCE Difference : 18.66%
Category : Formula Difference

Bharat Petroleum Corporation Ltd (Mar 2014)
ROE Difference : 21.05%
Category : Data Source Issue

Bharat Petroleum Corporation Ltd (Mar 2014)
ROCE Difference : 14.20%
Category : Formula Difference

Bharat Petroleum Corporation Ltd (Mar 2015)
ROE Difference : 19.38%
Category : Data Source Issue

Bharat Petroleum Corporation Ltd (Mar 2015)
ROCE Difference : 11.75%
Category : Formula Difference

Bharat Petroleum Corporation Ltd (Mar 2016)
ROE Difference : 12.80%
Category : Data Source Issue

Bharat Petroleum Corporation Ltd (Mar 2016)
ROCE Difference : 6.76%
Category : Formula Difference

Bharat Petroleum Corporation Ltd (Mar 2017)
ROE Difference : 11.05%
Category : Data Source Issue

Bharat Petroleum Corporation Ltd (Mar 2017)
ROCE Difference : 11.39%
Category : Formula Difference

Bharat Petroleum Corporation Ltd (Mar 2018)
ROE Difference : 15.16%
Category : Data Source Issue

Bharat Petroleum Corporation Ltd (Mar 2018)
ROCE Difference : 11.48%
Category : Formula Difference

Bharat Petroleum Corporation Ltd (Mar 2019)
ROE Difference : 19.90%
Category : Data Source Issue

Bharat Petroleum Corporation Ltd (Mar 2019)
ROCE Difference : 14.02%
Category : Formula Difference

Bharat Petroleum Corporation Ltd (Mar 2020)
ROE Difference : 31.86%
Category : Data Source Issue

Bharat Petroleum Corporation Ltd (Mar 2020)
ROCE Difference : 23.30%
Category : Formula Difference

Bharat Petroleum Corporation Ltd (Mar 2021)
ROE Difference : 9.56%
Category : Data Source Issue

Bharat Petroleum Corporation Ltd (Mar 2021)
ROCE Difference : 12.67%
Category : Formula Difference

Bharat Petroleum Corporation Ltd (Mar 2022)
ROE Difference : 19.39%
Category : Data Source Issue

Bharat Petroleum Corporation Ltd (Mar 2022)
ROCE Difference : 15.66%
Category : Formula Difference

Bharat Petroleum Corporation Ltd (Mar 2023)
ROE Difference : 37.92%
Category : Data Source Issue

Bharat Petroleum Corporation Ltd (Mar 2023)
ROCE Difference : 23.23%
Category : Formula Difference

Bharat Petroleum Corporation Ltd (Mar 2024)
ROE Difference : 6.39%
Category : Data Source Issue

Britannia Industries Ltd (Mar 2013)
ROE Difference : 10.51%
Category : Data Source Issue

Britannia Industries Ltd (Mar 2014)
ROE Difference : 7.60%
Category : Data Source Issue

Britannia Industries Ltd (Mar 2014)
ROCE Difference : 17.24%
Category : Formula Difference

Britannia Industries Ltd (Mar 2015)
ROCE Difference : 13.69%
Category : Formula Difference

Britannia Industries Ltd (Mar 2016)
ROE Difference : 17.66%
Category : Data Source Issue

Britannia Industries Ltd (Mar 2016)
ROCE Difference : 6.16%
Category : Formula Difference

Britannia Industries Ltd (Mar 2017)
ROE Difference : 24.27%
Category : Data Source Issue

Britannia Industries Ltd (Mar 2018)
ROE Difference : 27.62%
Category : Data Source Issue

Britannia Industries Ltd (Mar 2018)
ROCE Difference : 7.29%
Category : Formula Difference

Britannia Industries Ltd (Mar 2019)
ROE Difference : 29.94%
Category : Data Source Issue

Britannia Industries Ltd (Mar 2019)
ROCE Difference : 9.62%
Category : Formula Difference

Britannia Industries Ltd (Mar 2020)
ROE Difference : 25.44%
Category : Data Source Issue

Britannia Industries Ltd (Mar 2020)
ROCE Difference : 17.88%
Category : Formula Difference

Britannia Industries Ltd (Mar 2022)
ROCE Difference : 5.22%
Category : Formula Difference

Britannia Industries Ltd (Mar 2023)
ROE Difference : 8.43%
Category : Data Source Issue

Britannia Industries Ltd (Mar 2023)
ROCE Difference : 5.55%
Category : Formula Difference

Canara Bank (Mar 2013)
ROE Difference : 6.00%
Category : Data Source Issue

Canara Bank (Mar 2014)
ROE Difference : 9.05%
Category : Data Source Issue

Canara Bank (Mar 2015)
ROE Difference : 8.88%
Category : Data Source Issue

Canara Bank (Mar 2016)
ROE Difference : 25.72%
Category : Data Source Issue

Canara Bank (Mar 2017)
ROE Difference : 13.83%
Category : Data Source Issue

Canara Bank (Mar 2018)
ROE Difference : 28.40%
Category : Data Source Issue

Canara Bank (Mar 2019)
ROE Difference : 16.05%
Category : Data Source Issue

Canara Bank (Mar 2020)
ROE Difference : 22.56%
Category : Data Source Issue

Canara Bank (Mar 2021)
ROE Difference : 13.16%
Category : Data Source Issue

Canara Bank (Mar 2022)
ROE Difference : 9.10%
Category : Data Source Issue

Cholamandalam Investment & Finance Company Ltd (Mar 2013)
ROCE Difference : 6.40%
Category : Formula Difference

Cholamandalam Investment & Finance Company Ltd (Mar 2014)
ROCE Difference : 5.82%
Category : Formula Difference

Cholamandalam Investment & Finance Company Ltd (Mar 2015)
ROCE Difference : 5.71%
Category : Formula Difference

Cholamandalam Investment & Finance Company Ltd (Mar 2016)
ROCE Difference : 5.57%
Category : Formula Difference

Cholamandalam Investment & Finance Company Ltd (Mar 2017)
ROCE Difference : 5.74%
Category : Formula Difference

Cholamandalam Investment & Finance Company Ltd (Mar 2018)
ROCE Difference : 7.06%
Category : Formula Difference

Cholamandalam Investment & Finance Company Ltd (Mar 2019)
ROCE Difference : 7.53%
Category : Formula Difference

Cholamandalam Investment & Finance Company Ltd (Mar 2020)
ROE Difference : 7.35%
Category : Data Source Issue

Cholamandalam Investment & Finance Company Ltd (Mar 2020)
ROCE Difference : 6.57%
Category : Formula Difference

Cholamandalam Investment & Finance Company Ltd (Mar 2021)
ROCE Difference : 6.43%
Category : Formula Difference

Cholamandalam Investment & Finance Company Ltd (Mar 2022)
ROCE Difference : 6.79%
Category : Formula Difference

Cholamandalam Investment & Finance Company Ltd (Mar 2023)
ROCE Difference : 7.16%
Category : Formula Difference

Cholamandalam Investment & Finance Company Ltd (Mar 2024)
ROCE Difference : 6.90%
Category : Formula Difference

Cipla Ltd
 (Mar 2013)
ROCE Difference : 37.94%
Category : Formula Difference

Cipla Ltd
 (Mar 2014)
ROCE Difference : 48.23%
Category : Formula Difference

Cipla Ltd
 (Mar 2015)
ROE Difference : 5.42%
Category : Data Source Issue

Cipla Ltd
 (Mar 2015)
ROCE Difference : 50.63%
Category : Formula Difference

Cipla Ltd
 (Mar 2016)
ROCE Difference : 44.85%
Category : Formula Difference

Cipla Ltd
 (Mar 2017)
ROE Difference : 8.55%
Category : Data Source Issue

Cipla Ltd
 (Mar 2017)
ROCE Difference : 48.63%
Category : Formula Difference

Cipla Ltd
 (Mar 2018)
ROE Difference : 6.84%
Category : Data Source Issue

Cipla Ltd
 (Mar 2018)
ROCE Difference : 44.47%
Category : Formula Difference

Cipla Ltd
 (Mar 2019)
ROE Difference : 6.86%
Category : Data Source Issue

Cipla Ltd
 (Mar 2019)
ROCE Difference : 45.83%
Category : Formula Difference

Cipla Ltd
 (Mar 2020)
ROE Difference : 7.28%
Category : Data Source Issue

Cipla Ltd
 (Mar 2020)
ROCE Difference : 52.16%
Category : Formula Difference

Cipla Ltd
 (Mar 2021)
ROCE Difference : 50.49%
Category : Formula Difference

Cipla Ltd
 (Mar 2022)
ROCE Difference : 55.80%
Category : Formula Difference

Cipla Ltd
 (Mar 2023)
ROCE Difference : 50.42%
Category : Formula Difference

Cipla Ltd
 (Mar 2024)
ROCE Difference : 48.66%
Category : Formula Difference

Coal India Ltd (Mar 2013)
ROE Difference : 16.19%
Category : Data Source Issue

Coal India Ltd (Mar 2013)
ROCE Difference : 37.28%
Category : Formula Difference

Coal India Ltd (Mar 2014)
ROE Difference : 16.36%
Category : Data Source Issue

Coal India Ltd (Mar 2014)
ROCE Difference : 60.49%
Category : Formula Difference

Coal India Ltd (Mar 2015)
ROE Difference : 17.98%
Category : Data Source Issue

Coal India Ltd (Mar 2015)
ROCE Difference : 75.69%
Category : Formula Difference

Coal India Ltd (Mar 2016)
ROE Difference : 11.04%
Category : Data Source Issue

Coal India Ltd (Mar 2016)
ROCE Difference : 100.55%
Category : Formula Difference

Coal India Ltd (Mar 2017)
ROE Difference : 14.15%
Category : Data Source Issue

Coal India Ltd (Mar 2017)
ROCE Difference : 175.09%
Category : Formula Difference

Coal India Ltd (Mar 2018)
ROE Difference : 17.12%
Category : Data Source Issue

Coal India Ltd (Mar 2018)
ROCE Difference : 286.17%
Category : Formula Difference

Coal India Ltd (Mar 2019)
ROE Difference : 14.01%
Category : Data Source Issue

Coal India Ltd (Mar 2019)
ROCE Difference : 196.57%
Category : Formula Difference

Coal India Ltd (Mar 2020)
ROCE Difference : 129.45%
Category : Formula Difference

Coal India Ltd (Mar 2021)
ROE Difference : 17.22%
Category : Data Source Issue

Coal India Ltd (Mar 2021)
ROCE Difference : 104.78%
Category : Formula Difference

Coal India Ltd (Mar 2022)
ROE Difference : 11.72%
Category : Data Source Issue

Coal India Ltd (Mar 2022)
ROCE Difference : 118.57%
Category : Formula Difference

Coal India Ltd (Mar 2023)
ROCE Difference : 80.66%
Category : Formula Difference

Coal India Ltd (Mar 2024)
ROE Difference : 6.83%
Category : Data Source Issue

Coal India Ltd (Mar 2024)
ROCE Difference : 42.11%
Category : Formula Difference

Dabur India Ltd (Mar 2013)
ROE Difference : 17.36%
Category : Data Source Issue

Dabur India Ltd (Mar 2013)
ROCE Difference : 8.26%
Category : Formula Difference

Dabur India Ltd (Mar 2014)
ROE Difference : 15.29%
Category : Data Source Issue

Dabur India Ltd (Mar 2014)
ROCE Difference : 12.24%
Category : Formula Difference

Dabur India Ltd (Mar 2015)
ROE Difference : 12.64%
Category : Data Source Issue

Dabur India Ltd (Mar 2015)
ROCE Difference : 9.99%
Category : Formula Difference

Dabur India Ltd (Mar 2016)
ROE Difference : 10.86%
Category : Data Source Issue

Dabur India Ltd (Mar 2016)
ROCE Difference : 8.21%
Category : Formula Difference

Dabur India Ltd (Mar 2017)
ROE Difference : 7.21%
Category : Data Source Issue

Dabur India Ltd (Mar 2019)
ROE Difference : 6.47%
Category : Data Source Issue

Dabur India Ltd (Mar 2019)
ROCE Difference : 5.18%
Category : Formula Difference

Divis Laboratories Ltd (Mar 2013)
ROE Difference : 11.87%
Category : Data Source Issue

Divis Laboratories Ltd (Mar 2013)
ROCE Difference : 15.70%
Category : Formula Difference

Divis Laboratories Ltd (Mar 2014)
ROE Difference : 13.88%
Category : Data Source Issue

Divis Laboratories Ltd (Mar 2014)
ROCE Difference : 17.64%
Category : Formula Difference

Divis Laboratories Ltd (Mar 2015)
ROE Difference : 12.17%
Category : Data Source Issue

Divis Laboratories Ltd (Mar 2015)
ROCE Difference : 16.80%
Category : Formula Difference

Divis Laboratories Ltd (Mar 2016)
ROE Difference : 14.03%
Category : Data Source Issue

Divis Laboratories Ltd (Mar 2016)
ROCE Difference : 16.33%
Category : Formula Difference

Divis Laboratories Ltd (Mar 2017)
ROE Difference : 7.59%
Category : Data Source Issue

Divis Laboratories Ltd (Mar 2017)
ROCE Difference : 10.39%
Category : Formula Difference

Divis Laboratories Ltd (Mar 2019)
ROE Difference : 7.25%
Category : Data Source Issue

Divis Laboratories Ltd (Mar 2019)
ROCE Difference : 10.03%
Category : Formula Difference

Divis Laboratories Ltd (Mar 2020)
ROE Difference : 6.64%
Category : Data Source Issue

Divis Laboratories Ltd (Mar 2020)
ROCE Difference : 8.35%
Category : Formula Difference

Divis Laboratories Ltd (Mar 2021)
ROE Difference : 9.14%
Category : Data Source Issue

Divis Laboratories Ltd (Mar 2021)
ROCE Difference : 14.33%
Category : Formula Difference

Divis Laboratories Ltd (Mar 2022)
ROE Difference : 13.04%
Category : Data Source Issue

Divis Laboratories Ltd (Mar 2022)
ROCE Difference : 16.61%
Category : Formula Difference

DLF Ltd (Mar 2015)
ROE Difference : 5.10%
Category : Data Source Issue

DLF Ltd (Mar 2016)
ROE Difference : 5.68%
Category : Data Source Issue

DLF Ltd (Mar 2018)
ROE Difference : 5.73%
Category : Data Source Issue

DLF Ltd (Mar 2020)
ROE Difference : 8.66%
Category : Data Source Issue

Avenue Supermarts Ltd (Mar 2016)
ROE Difference : 6.54%
Category : Data Source Issue

Avenue Supermarts Ltd (Mar 2016)
ROCE Difference : 5.07%
Category : Formula Difference

Avenue Supermarts Ltd (Mar 2018)
ROCE Difference : 7.09%
Category : Formula Difference

Avenue Supermarts Ltd (Mar 2019)
ROCE Difference : 6.57%
Category : Formula Difference

Avenue Supermarts Ltd (Mar 2021)
ROE Difference : 5.48%
Category : Data Source Issue

Avenue Supermarts Ltd (Mar 2021)
ROCE Difference : 5.53%
Category : Formula Difference

Dr Reddys Laboratories Ltd (Mar 2017)
ROE Difference : 10.86%
Category : Data Source Issue

Dr Reddys Laboratories Ltd (Mar 2017)
ROCE Difference : 12.11%
Category : Formula Difference

Dr Reddys Laboratories Ltd (Mar 2018)
ROE Difference : 13.87%
Category : Data Source Issue

Dr Reddys Laboratories Ltd (Mar 2018)
ROCE Difference : 13.17%
Category : Formula Difference

Dr Reddys Laboratories Ltd (Mar 2019)
ROE Difference : 7.50%
Category : Data Source Issue

Dr Reddys Laboratories Ltd (Mar 2019)
ROCE Difference : 8.71%
Category : Formula Difference

Dr Reddys Laboratories Ltd (Mar 2020)
ROE Difference : 8.41%
Category : Data Source Issue

Dr Reddys Laboratories Ltd (Mar 2020)
ROCE Difference : 12.59%
Category : Formula Difference

Dr Reddys Laboratories Ltd (Mar 2021)
ROE Difference : 10.33%
Category : Data Source Issue

Dr Reddys Laboratories Ltd (Mar 2021)
ROCE Difference : 7.76%
Category : Formula Difference

Dr Reddys Laboratories Ltd (Mar 2022)
ROE Difference : 10.04%
Category : Data Source Issue

Dr Reddys Laboratories Ltd (Mar 2022)
ROCE Difference : 9.82%
Category : Formula Difference

Eicher Motors Ltd (Dec 2014)
ROCE Difference : 12.33%
Category : Formula Difference

Eicher Motors Ltd (Mar 2016)
ROE Difference : 12.43%
Category : Data Source Issue

Eicher Motors Ltd (Mar 2016)
ROCE Difference : 14.87%
Category : Formula Difference

Eicher Motors Ltd (Mar 2017)
ROE Difference : 6.99%
Category : Data Source Issue

Eicher Motors Ltd (Mar 2017)
ROCE Difference : 8.74%
Category : Formula Difference

Eicher Motors Ltd (Mar 2018)
ROCE Difference : 8.02%
Category : Formula Difference

Eicher Motors Ltd (Mar 2020)
ROE Difference : 5.90%
Category : Data Source Issue

Eicher Motors Ltd (Mar 2020)
ROCE Difference : 9.76%
Category : Formula Difference

Eicher Motors Ltd (Mar 2021)
ROE Difference : 12.42%
Category : Data Source Issue

Eicher Motors Ltd (Mar 2021)
ROCE Difference : 15.80%
Category : Formula Difference

Eicher Motors Ltd (Mar 2022)
ROE Difference : 10.90%
Category : Data Source Issue

Eicher Motors Ltd (Mar 2022)
ROCE Difference : 13.97%
Category : Formula Difference

Eicher Motors Ltd (Mar 2023)
ROCE Difference : 8.54%
Category : Formula Difference

Eicher Motors Ltd (Mar 2024)
ROCE Difference : 7.65%
Category : Formula Difference

GAIL (India) Ltd (Mar 2016)
ROE Difference : 8.85%
Category : Data Source Issue

GAIL (India) Ltd (Mar 2017)
ROE Difference : 5.42%
Category : Data Source Issue

GAIL (India) Ltd (Mar 2019)
ROCE Difference : 5.91%
Category : Formula Difference

GAIL (India) Ltd (Mar 2020)
ROE Difference : 5.31%
Category : Data Source Issue

GAIL (India) Ltd (Mar 2022)
ROE Difference : 5.19%
Category : Data Source Issue

GAIL (India) Ltd (Mar 2022)
ROCE Difference : 5.98%
Category : Formula Difference

GAIL (India) Ltd (Mar 2023)
ROE Difference : 5.38%
Category : Data Source Issue

GAIL (India) Ltd (Mar 2023)
ROCE Difference : 5.64%
Category : Formula Difference

Godrej Consumer Products Ltd (Mar 2013)
ROE Difference : 18.74%
Category : Data Source Issue

Godrej Consumer Products Ltd (Mar 2013)
ROCE Difference : 9.24%
Category : Formula Difference

Godrej Consumer Products Ltd (Mar 2014)
ROE Difference : 14.93%
Category : Data Source Issue

Godrej Consumer Products Ltd (Mar 2014)
ROCE Difference : 7.48%
Category : Formula Difference

Godrej Consumer Products Ltd (Mar 2015)
ROE Difference : 15.87%
Category : Data Source Issue

Godrej Consumer Products Ltd (Mar 2015)
ROCE Difference : 6.87%
Category : Formula Difference

Godrej Consumer Products Ltd (Mar 2016)
ROE Difference : 12.71%
Category : Data Source Issue

Godrej Consumer Products Ltd (Mar 2017)
ROE Difference : 17.90%
Category : Data Source Issue

Godrej Consumer Products Ltd (Mar 2017)
ROCE Difference : 5.99%
Category : Formula Difference

Godrej Consumer Products Ltd (Mar 2018)
ROE Difference : 19.34%
Category : Data Source Issue

Godrej Consumer Products Ltd (Mar 2018)
ROCE Difference : 5.15%
Category : Formula Difference

Godrej Consumer Products Ltd (Mar 2019)
ROE Difference : 25.46%
Category : Data Source Issue

Godrej Consumer Products Ltd (Mar 2019)
ROCE Difference : 6.47%
Category : Formula Difference

Godrej Consumer Products Ltd (Mar 2020)
ROE Difference : 12.18%
Category : Data Source Issue

Godrej Consumer Products Ltd (Mar 2020)
ROCE Difference : 7.72%
Category : Formula Difference

Godrej Consumer Products Ltd (Mar 2021)
ROE Difference : 11.46%
Category : Data Source Issue

Godrej Consumer Products Ltd (Mar 2021)
ROCE Difference : 5.27%
Category : Formula Difference

Godrej Consumer Products Ltd (Mar 2022)
ROE Difference : 8.66%
Category : Data Source Issue

Godrej Consumer Products Ltd (Mar 2022)
ROCE Difference : 8.32%
Category : Formula Difference

Godrej Consumer Products Ltd (Mar 2023)
ROE Difference : 5.57%
Category : Data Source Issue

Godrej Consumer Products Ltd (Mar 2023)
ROCE Difference : 10.12%
Category : Formula Difference

Godrej Consumer Products Ltd (Mar 2024)
ROE Difference : 11.22%
Category : Data Source Issue

Godrej Consumer Products Ltd (Mar 2024)
ROCE Difference : 7.80%
Category : Formula Difference

Grasim Industries Ltd (Mar 2013)
ROE Difference : 12.32%
Category : Data Source Issue

Grasim Industries Ltd (Mar 2013)
ROCE Difference : 10.98%
Category : Formula Difference

Grasim Industries Ltd (Mar 2014)
ROE Difference : 6.77%
Category : Data Source Issue

Grasim Industries Ltd (Mar 2014)
ROCE Difference : 6.40%
Category : Formula Difference

Grasim Industries Ltd (Mar 2015)
ROCE Difference : 5.37%
Category : Formula Difference

Grasim Industries Ltd (Mar 2016)
ROE Difference : 5.70%
Category : Data Source Issue

Grasim Industries Ltd (Mar 2016)
ROCE Difference : 5.50%
Category : Formula Difference

Grasim Industries Ltd (Mar 2017)
ROE Difference : 6.63%
Category : Data Source Issue

Grasim Industries Ltd (Mar 2017)
ROCE Difference : 8.89%
Category : Formula Difference

Grasim Industries Ltd (Mar 2022)
ROE Difference : 7.90%
Category : Data Source Issue

Grasim Industries Ltd (Mar 2023)
ROE Difference : 7.17%
Category : Data Source Issue

Hindustan Aeronautics Ltd (Mar 2017)
ROE Difference : 1938.02%
Category : Data Source Issue

Hindustan Aeronautics Ltd (Mar 2017)
ROCE Difference : 2358.14%
Category : Formula Difference

Hindustan Aeronautics Ltd (Mar 2018)
ROE Difference : 1499.56%
Category : Data Source Issue

Hindustan Aeronautics Ltd (Mar 2018)
ROCE Difference : 2562.60%
Category : Formula Difference

Hindustan Aeronautics Ltd (Mar 2019)
ROE Difference : 1735.01%
Category : Data Source Issue

Hindustan Aeronautics Ltd (Mar 2019)
ROCE Difference : 3201.53%
Category : Formula Difference

Hindustan Aeronautics Ltd (Mar 2020)
ROE Difference : 2030.52%
Category : Data Source Issue

Hindustan Aeronautics Ltd (Mar 2020)
ROCE Difference : 3446.81%
Category : Formula Difference

Hindustan Aeronautics Ltd (Mar 2021)
ROE Difference : 2220.41%
Category : Data Source Issue

Hindustan Aeronautics Ltd (Mar 2021)
ROCE Difference : 3521.77%
Category : Formula Difference

Hindustan Aeronautics Ltd (Mar 2022)
ROE Difference : 3295.28%
Category : Data Source Issue

Hindustan Aeronautics Ltd (Mar 2022)
ROCE Difference : 3245.95%
Category : Formula Difference

Hindustan Aeronautics Ltd (Mar 2023)
ROE Difference : 3254.15%
Category : Data Source Issue

Hindustan Aeronautics Ltd (Mar 2023)
ROCE Difference : 2938.33%
Category : Formula Difference

Hindustan Aeronautics Ltd (Mar 2024)
ROE Difference : 3787.68%
Category : Data Source Issue

Hindustan Aeronautics Ltd (Mar 2024)
ROCE Difference : 2988.74%
Category : Formula Difference

Havells India Ltd (Mar 2013)
ROE Difference : 22.29%
Category : Data Source Issue

Havells India Ltd (Mar 2014)
ROE Difference : 8.77%
Category : Data Source Issue

Havells India Ltd (Mar 2015)
ROCE Difference : 9.28%
Category : Formula Difference

Havells India Ltd (Mar 2016)
ROE Difference : 24.95%
Category : Data Source Issue

HCL Technologies Ltd (Jun 2013)
ROE Difference : 7.39%
Category : Data Source Issue

HCL Technologies Ltd (Jun 2013)
ROCE Difference : 10.38%
Category : Formula Difference

HCL Technologies Ltd (Jun 2014)
ROE Difference : 10.09%
Category : Data Source Issue

HCL Technologies Ltd (Jun 2014)
ROCE Difference : 9.47%
Category : Formula Difference

HCL Technologies Ltd (Jun 2015)
ROE Difference : 7.01%
Category : Data Source Issue

HDFC Bank Ltd (Mar 2023)
ROCE Difference : 5.07%
Category : Formula Difference

HDFC Life Insurance Company Ltd (Mar 2013)
ROE Difference : 22.03%
Category : Data Source Issue

HDFC Life Insurance Company Ltd (Mar 2013)
ROCE Difference : 1005.73%
Category : Formula Difference

HDFC Life Insurance Company Ltd (Mar 2014)
ROE Difference : 26.20%
Category : Data Source Issue

HDFC Life Insurance Company Ltd (Mar 2014)
ROCE Difference : 852.36%
Category : Formula Difference

HDFC Life Insurance Company Ltd (Mar 2015)
ROE Difference : 19.53%
Category : Data Source Issue

HDFC Life Insurance Company Ltd (Mar 2015)
ROCE Difference : 1030.03%
Category : Formula Difference

HDFC Life Insurance Company Ltd (Mar 2016)
ROE Difference : 14.93%
Category : Data Source Issue

HDFC Life Insurance Company Ltd (Mar 2016)
ROCE Difference : 547.27%
Category : Formula Difference

HDFC Life Insurance Company Ltd (Mar 2017)
ROE Difference : 11.78%
Category : Data Source Issue

HDFC Life Insurance Company Ltd (Mar 2017)
ROCE Difference : 768.98%
Category : Formula Difference

HDFC Life Insurance Company Ltd (Mar 2018)
ROE Difference : 12.13%
Category : Data Source Issue

HDFC Life Insurance Company Ltd (Mar 2018)
ROCE Difference : 656.22%
Category : Formula Difference

HDFC Life Insurance Company Ltd (Mar 2019)
ROE Difference : 11.25%
Category : Data Source Issue

HDFC Life Insurance Company Ltd (Mar 2019)
ROCE Difference : 660.53%
Category : Formula Difference

HDFC Life Insurance Company Ltd (Mar 2020)
ROE Difference : 7.65%
Category : Data Source Issue

HDFC Life Insurance Company Ltd (Mar 2020)
ROCE Difference : 408.24%
Category : Formula Difference

HDFC Life Insurance Company Ltd (Mar 2021)
ROCE Difference : 754.15%
Category : Formula Difference

HDFC Life Insurance Company Ltd (Mar 2022)
ROCE Difference : 402.59%
Category : Formula Difference

HDFC Life Insurance Company Ltd (Mar 2023)
ROCE Difference : 496.34%
Category : Formula Difference

HDFC Life Insurance Company Ltd (Mar 2024)
ROCE Difference : 639.85%
Category : Formula Difference

Hero MotoCorp Ltd
 (Mar 2014)
ROE Difference : 15.38%
Category : Data Source Issue

Hero MotoCorp Ltd
 (Mar 2014)
ROCE Difference : 338.63%
Category : Formula Difference

Hero MotoCorp Ltd
 (Mar 2015)
ROE Difference : 14.15%
Category : Data Source Issue

Hero MotoCorp Ltd
 (Mar 2015)
ROCE Difference : 332.62%
Category : Formula Difference

Hero MotoCorp Ltd
 (Mar 2016)
ROE Difference : 13.23%
Category : Data Source Issue

Hero MotoCorp Ltd
 (Mar 2016)
ROCE Difference : 235.99%
Category : Formula Difference

Hero MotoCorp Ltd
 (Mar 2017)
ROE Difference : 12.37%
Category : Data Source Issue

Hero MotoCorp Ltd
 (Mar 2017)
ROCE Difference : 198.04%
Category : Formula Difference

Hero MotoCorp Ltd
 (Mar 2018)
ROE Difference : 9.09%
Category : Data Source Issue

Hero MotoCorp Ltd
 (Mar 2018)
ROCE Difference : 193.23%
Category : Formula Difference

Hero MotoCorp Ltd
 (Mar 2019)
ROCE Difference : 186.40%
Category : Formula Difference

Hero MotoCorp Ltd
 (Mar 2020)
ROCE Difference : 140.39%
Category : Formula Difference

Hero MotoCorp Ltd
 (Mar 2021)
ROCE Difference : 139.04%
Category : Formula Difference

Hero MotoCorp Ltd
 (Mar 2022)
ROE Difference : 7.30%
Category : Data Source Issue

Hero MotoCorp Ltd
 (Mar 2022)
ROCE Difference : 130.73%
Category : Formula Difference

Hero MotoCorp Ltd
 (Mar 2023)
ROE Difference : 5.19%
Category : Data Source Issue

Hero MotoCorp Ltd
 (Mar 2023)
ROCE Difference : 145.42%
Category : Formula Difference

Hero MotoCorp Ltd
 (Mar 2024)
ROCE Difference : 148.74%
Category : Formula Difference

Hindalco Industries Ltd (Mar 2013)
ROCE Difference : 67.26%
Category : Formula Difference

Hindalco Industries Ltd (Mar 2014)
ROCE Difference : 64.32%
Category : Formula Difference

Hindalco Industries Ltd (Mar 2015)
ROE Difference : 9.52%
Category : Data Source Issue

Hindalco Industries Ltd (Mar 2015)
ROCE Difference : 78.06%
Category : Formula Difference

Hindalco Industries Ltd (Mar 2016)
ROE Difference : 11.93%
Category : Data Source Issue

Hindalco Industries Ltd (Mar 2016)
ROCE Difference : 72.82%
Category : Formula Difference

Hindalco Industries Ltd (Mar 2017)
ROE Difference : 6.11%
Category : Data Source Issue

Hindalco Industries Ltd (Mar 2017)
ROCE Difference : 68.67%
Category : Formula Difference

Hindalco Industries Ltd (Mar 2018)
ROCE Difference : 83.61%
Category : Formula Difference

Hindalco Industries Ltd (Mar 2019)
ROCE Difference : 93.35%
Category : Formula Difference

Hindalco Industries Ltd (Mar 2020)
ROCE Difference : 70.65%
Category : Formula Difference

Hindalco Industries Ltd (Mar 2021)
ROCE Difference : 74.28%
Category : Formula Difference

Hindalco Industries Ltd (Mar 2022)
ROE Difference : 7.36%
Category : Data Source Issue

Hindalco Industries Ltd (Mar 2022)
ROCE Difference : 105.55%
Category : Formula Difference

Hindalco Industries Ltd (Mar 2023)
ROCE Difference : 118.00%
Category : Formula Difference

Hindalco Industries Ltd (Mar 2024)
ROCE Difference : 106.91%
Category : Formula Difference

Hindustan Unilever Ltd
 (Mar 2013)
ROE Difference : 113.80%
Category : Data Source Issue

Hindustan Unilever Ltd
 (Mar 2013)
ROCE Difference : 761.17%
Category : Formula Difference

Hindustan Unilever Ltd
 (Mar 2014)
ROE Difference : 91.65%
Category : Data Source Issue

Hindustan Unilever Ltd
 (Mar 2014)
ROCE Difference : 655.89%
Category : Formula Difference

Hindustan Unilever Ltd
 (Mar 2015)
ROE Difference : 88.47%
Category : Data Source Issue

Hindustan Unilever Ltd
 (Mar 2015)
ROCE Difference : 625.38%
Category : Formula Difference

Hindustan Unilever Ltd
 (Mar 2016)
ROE Difference : 42.95%
Category : Data Source Issue

Hindustan Unilever Ltd
 (Mar 2016)
ROCE Difference : 362.07%
Category : Formula Difference

Hindustan Unilever Ltd
 (Mar 2017)
ROE Difference : 46.38%
Category : Data Source Issue

Hindustan Unilever Ltd
 (Mar 2017)
ROCE Difference : 355.00%
Category : Formula Difference

Hindustan Unilever Ltd
 (Mar 2018)
ROE Difference : 51.59%
Category : Data Source Issue

Hindustan Unilever Ltd
 (Mar 2018)
ROCE Difference : 357.99%
Category : Formula Difference

Hindustan Unilever Ltd
 (Mar 2019)
ROE Difference : 56.83%
Category : Data Source Issue

Hindustan Unilever Ltd
 (Mar 2019)
ROCE Difference : 354.80%
Category : Formula Difference

Hindustan Unilever Ltd
 (Mar 2020)
ROE Difference : 61.90%
Category : Data Source Issue

Hindustan Unilever Ltd
 (Mar 2020)
ROCE Difference : 336.42%
Category : Formula Difference

Hindustan Unilever Ltd
 (Mar 2021)
ROCE Difference : 47.06%
Category : Formula Difference

Hindustan Unilever Ltd
 (Mar 2022)
ROCE Difference : 51.81%
Category : Formula Difference

Hindustan Unilever Ltd
 (Mar 2023)
ROCE Difference : 62.92%
Category : Formula Difference

Hindustan Unilever Ltd
 (Mar 2024)
ROCE Difference : 62.43%
Category : Formula Difference

ICICI Bank Ltd (Mar 2016)
ROE Difference : 7.19%
Category : Data Source Issue

ICICI Bank Ltd (Mar 2017)
ROE Difference : 7.96%
Category : Data Source Issue

ICICI Bank Ltd (Mar 2018)
ROE Difference : 10.57%
Category : Data Source Issue

ICICI Bank Ltd (Mar 2019)
ROE Difference : 13.82%
Category : Data Source Issue

ICICI Bank Ltd (Mar 2020)
ROE Difference : 9.67%
Category : Data Source Issue

ICICI Bank Ltd (Mar 2021)
ROE Difference : 5.88%
Category : Data Source Issue

ICICI Lombard General Insurance Company Ltd (Mar 2013)
ROCE Difference : 201.62%
Category : Formula Difference

ICICI Lombard General Insurance Company Ltd (Mar 2014)
ROCE Difference : 168.73%
Category : Formula Difference

ICICI Lombard General Insurance Company Ltd (Mar 2015)
ROCE Difference : 131.90%
Category : Formula Difference

ICICI Lombard General Insurance Company Ltd (Mar 2016)
ROCE Difference : 140.27%
Category : Formula Difference

ICICI Lombard General Insurance Company Ltd (Mar 2017)
ROCE Difference : 128.00%
Category : Formula Difference

ICICI Lombard General Insurance Company Ltd (Mar 2018)
ROCE Difference : 120.24%
Category : Formula Difference

ICICI Lombard General Insurance Company Ltd (Mar 2019)
ROCE Difference : 138.83%
Category : Formula Difference

ICICI Lombard General Insurance Company Ltd (Mar 2020)
ROCE Difference : 124.73%
Category : Formula Difference

ICICI Lombard General Insurance Company Ltd (Mar 2021)
ROCE Difference : 102.31%
Category : Formula Difference

ICICI Lombard General Insurance Company Ltd (Mar 2022)
ROCE Difference : 136.37%
Category : Formula Difference

ICICI Lombard General Insurance Company Ltd (Mar 2023)
ROCE Difference : 136.03%
Category : Formula Difference

ICICI Lombard General Insurance Company Ltd (Mar 2024)
ROCE Difference : 123.82%
Category : Formula Difference

ICICI Prudential Life Insurance Company Ltd (Mar 2013)
ROE Difference : 30.18%
Category : Data Source Issue

ICICI Prudential Life Insurance Company Ltd (Mar 2013)
ROCE Difference : 478.00%
Category : Formula Difference

ICICI Prudential Life Insurance Company Ltd (Mar 2014)
ROE Difference : 27.54%
Category : Data Source Issue

ICICI Prudential Life Insurance Company Ltd (Mar 2014)
ROCE Difference : 456.32%
Category : Formula Difference

ICICI Prudential Life Insurance Company Ltd (Mar 2015)
ROE Difference : 23.08%
Category : Data Source Issue

ICICI Prudential Life Insurance Company Ltd (Mar 2015)
ROCE Difference : 614.19%
Category : Formula Difference

ICICI Prudential Life Insurance Company Ltd (Mar 2016)
ROE Difference : 22.93%
Category : Data Source Issue

ICICI Prudential Life Insurance Company Ltd (Mar 2016)
ROCE Difference : 290.49%
Category : Formula Difference

ICICI Prudential Life Insurance Company Ltd (Mar 2017)
ROE Difference : 18.19%
Category : Data Source Issue

ICICI Prudential Life Insurance Company Ltd (Mar 2017)
ROCE Difference : 553.38%
Category : Formula Difference

ICICI Prudential Life Insurance Company Ltd (Mar 2018)
ROE Difference : 16.56%
Category : Data Source Issue

ICICI Prudential Life Insurance Company Ltd (Mar 2018)
ROCE Difference : 555.02%
Category : Formula Difference

ICICI Prudential Life Insurance Company Ltd (Mar 2019)
ROE Difference : 8.51%
Category : Data Source Issue

ICICI Prudential Life Insurance Company Ltd (Mar 2019)
ROCE Difference : 586.83%
Category : Formula Difference

ICICI Prudential Life Insurance Company Ltd (Mar 2020)
ROE Difference : 6.72%
Category : Data Source Issue

ICICI Prudential Life Insurance Company Ltd (Mar 2020)
ROCE Difference : 287.16%
Category : Formula Difference

ICICI Prudential Life Insurance Company Ltd (Mar 2021)
ROCE Difference : 801.92%
Category : Formula Difference

ICICI Prudential Life Insurance Company Ltd (Mar 2022)
ROCE Difference : 625.81%
Category : Formula Difference

ICICI Prudential Life Insurance Company Ltd (Mar 2023)
ROCE Difference : 453.92%
Category : Formula Difference

ICICI Prudential Life Insurance Company Ltd (Mar 2024)
ROCE Difference : 746.15%
Category : Formula Difference

IndusInd Bank Ltd (Mar 2013)
ROCE Difference : 5.20%
Category : Formula Difference

IndusInd Bank Ltd (Mar 2021)
ROE Difference : 8.66%
Category : Data Source Issue

IndusInd Bank Ltd (Mar 2022)
ROE Difference : 5.53%
Category : Data Source Issue

Infosys Ltd (Mar 2013)
ROE Difference : 6.98%
Category : Data Source Issue

Infosys Ltd (Mar 2013)
ROCE Difference : 9.63%
Category : Formula Difference

Infosys Ltd (Mar 2014)
ROE Difference : 7.87%
Category : Data Source Issue

Infosys Ltd (Mar 2014)
ROCE Difference : 9.93%
Category : Formula Difference

Infosys Ltd (Mar 2015)
ROE Difference : 7.41%
Category : Data Source Issue

Infosys Ltd (Mar 2015)
ROCE Difference : 10.67%
Category : Formula Difference

Infosys Ltd (Mar 2016)
ROE Difference : 9.95%
Category : Data Source Issue

Infosys Ltd (Mar 2016)
ROCE Difference : 12.34%
Category : Formula Difference

Infosys Ltd (Mar 2017)
ROE Difference : 10.99%
Category : Data Source Issue

Infosys Ltd (Mar 2017)
ROCE Difference : 13.03%
Category : Formula Difference

Infosys Ltd (Mar 2018)
ROE Difference : 7.11%
Category : Data Source Issue

Infosys Ltd (Mar 2018)
ROCE Difference : 11.01%
Category : Formula Difference

Infosys Ltd (Mar 2019)
ROE Difference : 8.07%
Category : Data Source Issue

Infosys Ltd (Mar 2019)
ROCE Difference : 8.94%
Category : Formula Difference

Infosys Ltd (Mar 2020)
ROE Difference : 6.38%
Category : Data Source Issue

Infosys Ltd (Mar 2020)
ROCE Difference : 8.23%
Category : Formula Difference

Infosys Ltd (Mar 2021)
ROE Difference : 6.36%
Category : Data Source Issue

Infosys Ltd (Mar 2021)
ROCE Difference : 5.85%
Category : Formula Difference

Indian Oil Corporation
 (Mar 2013)
ROE Difference : 19.69%
Category : Data Source Issue

Indian Oil Corporation
 (Mar 2013)
ROCE Difference : 12.23%
Category : Formula Difference

Indian Oil Corporation
 (Mar 2014)
ROE Difference : 15.18%
Category : Data Source Issue

Indian Oil Corporation
 (Mar 2014)
ROCE Difference : 10.73%
Category : Formula Difference

Indian Oil Corporation
 (Mar 2015)
ROE Difference : 18.36%
Category : Data Source Issue

Indian Oil Corporation
 (Mar 2015)
ROCE Difference : 13.40%
Category : Formula Difference

Indian Oil Corporation
 (Mar 2016)
ROE Difference : 11.64%
Category : Data Source Issue

Indian Oil Corporation
 (Mar 2016)
ROCE Difference : 6.47%
Category : Formula Difference

Indian Oil Corporation
 (Mar 2017)
ROE Difference : 5.47%
Category : Data Source Issue

Indian Oil Corporation
 (Mar 2018)
ROE Difference : 5.57%
Category : Data Source Issue

Indian Oil Corporation
 (Mar 2019)
ROE Difference : 10.08%
Category : Data Source Issue

Indian Oil Corporation
 (Mar 2020)
ROE Difference : 27.41%
Category : Data Source Issue

Indian Oil Corporation
 (Mar 2020)
ROCE Difference : 14.18%
Category : Formula Difference

Indian Oil Corporation
 (Mar 2021)
ROE Difference : 5.98%
Category : Data Source Issue

Indian Oil Corporation
 (Mar 2022)
ROE Difference : 6.17%
Category : Data Source Issue

Indian Oil Corporation
 (Mar 2023)
ROE Difference : 17.06%
Category : Data Source Issue

Indian Oil Corporation
 (Mar 2023)
ROCE Difference : 10.68%
Category : Formula Difference

Indian Railway Catering & Tourism Corporation Ltd (Mar 2015)
ROE Difference : 10.90%
Category : Data Source Issue

Indian Railway Catering & Tourism Corporation Ltd (Mar 2015)
ROCE Difference : 19.57%
Category : Formula Difference

Indian Railway Catering & Tourism Corporation Ltd (Mar 2016)
ROE Difference : 5.53%
Category : Data Source Issue

Indian Railway Catering & Tourism Corporation Ltd (Mar 2016)
ROCE Difference : 18.74%
Category : Formula Difference

Indian Railway Catering & Tourism Corporation Ltd (Mar 2017)
ROE Difference : 11.30%
Category : Data Source Issue

Indian Railway Catering & Tourism Corporation Ltd (Mar 2017)
ROCE Difference : 13.90%
Category : Formula Difference

Indian Railway Catering & Tourism Corporation Ltd (Mar 2018)
ROE Difference : 17.26%
Category : Data Source Issue

Indian Railway Catering & Tourism Corporation Ltd (Mar 2018)
ROCE Difference : 25.11%
Category : Formula Difference

Indian Railway Catering & Tourism Corporation Ltd (Mar 2019)
ROE Difference : 11.55%
Category : Data Source Issue

Indian Railway Catering & Tourism Corporation Ltd (Mar 2019)
ROCE Difference : 18.04%
Category : Formula Difference

Indian Railway Catering & Tourism Corporation Ltd (Mar 2021)
ROE Difference : 27.56%
Category : Data Source Issue

Indian Railway Catering & Tourism Corporation Ltd (Mar 2021)
ROCE Difference : 41.55%
Category : Formula Difference

Indian Railway Catering & Tourism Corporation Ltd (Mar 2022)
ROE Difference : 5.11%
Category : Data Source Issue

Indian Railway Catering & Tourism Corporation Ltd (Mar 2022)
ROCE Difference : 9.55%
Category : Formula Difference

Indian Railway Catering & Tourism Corporation Ltd (Mar 2024)
ROE Difference : 6.00%
Category : Data Source Issue

Indian Railway Catering & Tourism Corporation Ltd (Mar 2024)
ROCE Difference : 9.24%
Category : Formula Difference

Indian Railway Finance Corporation Ltd (Mar 2016)
ROE Difference : 6.33%
Category : Data Source Issue

Indian Railway Finance Corporation Ltd (Mar 2017)
ROE Difference : 5.92%
Category : Data Source Issue

ITC Ltd
 (Mar 2013)
ROCE Difference : 13.48%
Category : Formula Difference

ITC Ltd
 (Mar 2014)
ROCE Difference : 12.84%
Category : Formula Difference

ITC Ltd
 (Mar 2015)
ROCE Difference : 9.77%
Category : Formula Difference

ITC Ltd
 (Mar 2016)
ROE Difference : 7.21%
Category : Data Source Issue

ITC Ltd
 (Mar 2017)
ROE Difference : 6.90%
Category : Data Source Issue

ITC Ltd
 (Mar 2018)
ROE Difference : 7.58%
Category : Data Source Issue

ITC Ltd
 (Mar 2019)
ROE Difference : 7.77%
Category : Data Source Issue

ITC Ltd
 (Mar 2020)
ROE Difference : 5.58%
Category : Data Source Issue

ITC Ltd
 (Mar 2020)
ROCE Difference : 5.25%
Category : Formula Difference

ITC Ltd
 (Mar 2021)
ROE Difference : 7.29%
Category : Data Source Issue

ITC Ltd
 (Mar 2021)
ROCE Difference : 6.61%
Category : Formula Difference

Jindal Steel & Power Ltd (Mar 2014)
ROE Difference : 5.71%
Category : Data Source Issue

Jindal Steel & Power Ltd (Mar 2015)
ROE Difference : 21.00%
Category : Data Source Issue

Jindal Steel & Power Ltd (Mar 2016)
ROE Difference : 23.62%
Category : Data Source Issue

Jindal Steel & Power Ltd (Mar 2016)
ROCE Difference : 8.86%
Category : Formula Difference

Jindal Steel & Power Ltd (Mar 2017)
ROE Difference : 22.55%
Category : Data Source Issue

Jindal Steel & Power Ltd (Mar 2017)
ROCE Difference : 7.00%
Category : Formula Difference

Jindal Steel & Power Ltd (Mar 2018)
ROE Difference : 19.42%
Category : Data Source Issue

Jindal Steel & Power Ltd (Mar 2019)
ROE Difference : 21.62%
Category : Data Source Issue

Jindal Steel & Power Ltd (Mar 2020)
ROE Difference : 15.34%
Category : Data Source Issue

Jindal Steel & Power Ltd (Mar 2022)
ROCE Difference : 18.38%
Category : Formula Difference

Jindal Steel & Power Ltd (Mar 2023)
ROCE Difference : 6.01%
Category : Formula Difference

JSW Energy Ltd (Mar 2013)
ROE Difference : 6.12%
Category : Data Source Issue

JSW Energy Ltd (Mar 2013)
ROCE Difference : 8.30%
Category : Formula Difference

JSW Energy Ltd (Mar 2014)
ROCE Difference : 10.93%
Category : Formula Difference

JSW Energy Ltd (Mar 2015)
ROE Difference : 9.66%
Category : Data Source Issue

JSW Energy Ltd (Mar 2015)
ROCE Difference : 12.97%
Category : Formula Difference

JSW Energy Ltd (Mar 2016)
ROE Difference : 6.65%
Category : Data Source Issue

JSW Energy Ltd (Mar 2016)
ROCE Difference : 7.81%
Category : Formula Difference

JSW Energy Ltd (Mar 2018)
ROE Difference : 7.63%
Category : Data Source Issue

JSW Energy Ltd (Mar 2020)
ROCE Difference : 5.17%
Category : Formula Difference

JSW Steel Ltd (Mar 2013)
ROE Difference : 6.22%
Category : Data Source Issue

JSW Steel Ltd (Mar 2014)
ROE Difference : 9.76%
Category : Data Source Issue

JSW Steel Ltd (Mar 2016)
ROE Difference : 14.20%
Category : Data Source Issue

JSW Steel Ltd (Mar 2017)
ROCE Difference : 5.29%
Category : Formula Difference

JSW Steel Ltd (Mar 2018)
ROE Difference : 10.17%
Category : Data Source Issue

JSW Steel Ltd (Mar 2018)
ROCE Difference : 8.77%
Category : Formula Difference

JSW Steel Ltd (Mar 2019)
ROE Difference : 9.96%
Category : Data Source Issue

JSW Steel Ltd (Mar 2019)
ROCE Difference : 9.67%
Category : Formula Difference

JSW Steel Ltd (Mar 2021)
ROE Difference : 5.18%
Category : Data Source Issue

JSW Steel Ltd (Mar 2021)
ROCE Difference : 5.13%
Category : Formula Difference

JSW Steel Ltd (Mar 2022)
ROE Difference : 19.45%
Category : Data Source Issue

JSW Steel Ltd (Mar 2022)
ROCE Difference : 14.67%
Category : Formula Difference

JSW Steel Ltd (Mar 2023)
ROE Difference : 5.36%
Category : Data Source Issue

Life Insurance Corporation of India (Mar 2019)
ROE Difference : 260.71%
Category : Data Source Issue

Life Insurance Corporation of India (Mar 2019)
ROCE Difference : 61.60%
Category : Formula Difference

Life Insurance Corporation of India (Mar 2020)
ROE Difference : 206.85%
Category : Data Source Issue

Life Insurance Corporation of India (Mar 2020)
ROCE Difference : 66.52%
Category : Formula Difference

Life Insurance Corporation of India (Mar 2021)
ROE Difference : 20.41%
Category : Data Source Issue

Life Insurance Corporation of India (Mar 2021)
ROCE Difference : 67.45%
Category : Formula Difference

Life Insurance Corporation of India (Mar 2022)
ROE Difference : 27.23%
Category : Data Source Issue

Life Insurance Corporation of India (Mar 2022)
ROCE Difference : 34.46%
Category : Formula Difference

Life Insurance Corporation of India (Mar 2023)
ROE Difference : 14.25%
Category : Data Source Issue

Life Insurance Corporation of India (Mar 2023)
ROCE Difference : 10.20%
Category : Formula Difference

Life Insurance Corporation of India (Mar 2024)
ROE Difference : 14.16%
Category : Data Source Issue

Life Insurance Corporation of India (Mar 2024)
ROCE Difference : 24.18%
Category : Formula Difference

Macrotech Developers Ltd (Mar 2016)
ROE Difference : 6.99%
Category : Data Source Issue

Macrotech Developers Ltd (Mar 2018)
ROCE Difference : 5.04%
Category : Formula Difference

Macrotech Developers Ltd (Mar 2019)
ROE Difference : 32.10%
Category : Data Source Issue

Macrotech Developers Ltd (Mar 2020)
ROE Difference : 5.60%
Category : Data Source Issue

Macrotech Developers Ltd (Mar 2021)
ROE Difference : 9.66%
Category : Data Source Issue

Macrotech Developers Ltd (Mar 2021)
ROCE Difference : 5.03%
Category : Formula Difference

Macrotech Developers Ltd (Mar 2023)
ROE Difference : 6.83%
Category : Data Source Issue

Larsen & Toubro Ltd (Mar 2013)
ROE Difference : 384.66%
Category : Data Source Issue

Larsen & Toubro Ltd (Mar 2013)
ROCE Difference : 707.17%
Category : Formula Difference

Larsen & Toubro Ltd (Mar 2014)
ROE Difference : 292.93%
Category : Data Source Issue

Larsen & Toubro Ltd (Mar 2014)
ROCE Difference : 801.77%
Category : Formula Difference

Larsen & Toubro Ltd (Mar 2015)
ROE Difference : 234.62%
Category : Data Source Issue

Larsen & Toubro Ltd (Mar 2015)
ROCE Difference : 681.75%
Category : Formula Difference

Larsen & Toubro Ltd (Mar 2016)
ROE Difference : 205.60%
Category : Data Source Issue

Larsen & Toubro Ltd (Mar 2016)
ROCE Difference : 693.19%
Category : Formula Difference

Larsen & Toubro Ltd (Mar 2017)
ROE Difference : 195.81%
Category : Data Source Issue

Larsen & Toubro Ltd (Mar 2017)
ROCE Difference : 511.45%
Category : Formula Difference

Larsen & Toubro Ltd (Mar 2018)
ROE Difference : 196.87%
Category : Data Source Issue

Larsen & Toubro Ltd (Mar 2018)
ROCE Difference : 503.83%
Category : Formula Difference

Larsen & Toubro Ltd (Mar 2019)
ROE Difference : 198.32%
Category : Data Source Issue

Larsen & Toubro Ltd (Mar 2019)
ROCE Difference : 450.14%
Category : Formula Difference

Larsen & Toubro Ltd (Mar 2020)
ROE Difference : 191.10%
Category : Data Source Issue

Larsen & Toubro Ltd (Mar 2020)
ROCE Difference : 371.56%
Category : Formula Difference

Larsen & Toubro Ltd (Mar 2021)
ROE Difference : 166.41%
Category : Data Source Issue

Larsen & Toubro Ltd (Mar 2021)
ROCE Difference : 272.38%
Category : Formula Difference

Larsen & Toubro Ltd (Mar 2022)
ROE Difference : 62.43%
Category : Data Source Issue

Larsen & Toubro Ltd (Mar 2022)
ROCE Difference : 149.97%
Category : Formula Difference

Larsen & Toubro Ltd (Mar 2023)
ROE Difference : 65.03%
Category : Data Source Issue

Larsen & Toubro Ltd (Mar 2023)
ROCE Difference : 132.64%
Category : Formula Difference

Larsen & Toubro Ltd (Mar 2024)
ROE Difference : 67.18%
Category : Data Source Issue

Larsen & Toubro Ltd (Mar 2024)
ROCE Difference : 118.02%
Category : Formula Difference

LTIMindtree Ltd (Mar 2013)
ROE Difference : 15.93%
Category : Data Source Issue

LTIMindtree Ltd (Mar 2013)
ROCE Difference : 21.21%
Category : Formula Difference

LTIMindtree Ltd (Mar 2014)
ROE Difference : 35.82%
Category : Data Source Issue

LTIMindtree Ltd (Mar 2014)
ROCE Difference : 32.59%
Category : Formula Difference

LTIMindtree Ltd (Mar 2015)
ROE Difference : 11.92%
Category : Data Source Issue

LTIMindtree Ltd (Mar 2015)
ROCE Difference : 10.69%
Category : Formula Difference

LTIMindtree Ltd (Mar 2016)
ROE Difference : 13.30%
Category : Data Source Issue

LTIMindtree Ltd (Mar 2016)
ROCE Difference : 13.06%
Category : Formula Difference

LTIMindtree Ltd (Mar 2017)
ROCE Difference : 5.02%
Category : Formula Difference

LTIMindtree Ltd (Mar 2024)
ROCE Difference : 5.19%
Category : Formula Difference

Mahindra & Mahindra Ltd
 (Mar 2013)
ROCE Difference : 8.25%
Category : Formula Difference

Mahindra & Mahindra Ltd
 (Mar 2014)
ROCE Difference : 9.59%
Category : Formula Difference

Mahindra & Mahindra Ltd
 (Mar 2015)
ROCE Difference : 13.19%
Category : Formula Difference

Mahindra & Mahindra Ltd
 (Mar 2016)
ROCE Difference : 12.16%
Category : Formula Difference

Mahindra & Mahindra Ltd
 (Mar 2017)
ROCE Difference : 13.31%
Category : Formula Difference

Mahindra & Mahindra Ltd
 (Mar 2018)
ROCE Difference : 12.71%
Category : Formula Difference

Mahindra & Mahindra Ltd
 (Mar 2019)
ROCE Difference : 13.26%
Category : Formula Difference

Mahindra & Mahindra Ltd
 (Mar 2020)
ROE Difference : 18.79%
Category : Data Source Issue

Mahindra & Mahindra Ltd
 (Mar 2020)
ROCE Difference : 18.66%
Category : Formula Difference

Mahindra & Mahindra Ltd
 (Mar 2021)
ROE Difference : 14.35%
Category : Data Source Issue

Mahindra & Mahindra Ltd
 (Mar 2021)
ROCE Difference : 17.58%
Category : Formula Difference

Mahindra & Mahindra Ltd
 (Mar 2022)
ROCE Difference : 15.21%
Category : Formula Difference

Mahindra & Mahindra Ltd
 (Mar 2023)
ROCE Difference : 13.33%
Category : Formula Difference

Mahindra & Mahindra Ltd
 (Mar 2024)
ROCE Difference : 12.74%
Category : Formula Difference

Maruti Suzuki India Ltd (Mar 2016)
ROCE Difference : 5.58%
Category : Formula Difference

Maruti Suzuki India Ltd (Mar 2020)
ROCE Difference : 8.84%
Category : Formula Difference

Maruti Suzuki India Ltd (Mar 2021)
ROE Difference : 7.39%
Category : Data Source Issue

Maruti Suzuki India Ltd (Mar 2021)
ROCE Difference : 13.47%
Category : Formula Difference

Maruti Suzuki India Ltd (Mar 2022)
ROE Difference : 8.74%
Category : Data Source Issue

Maruti Suzuki India Ltd (Mar 2022)
ROCE Difference : 13.35%
Category : Formula Difference

Maruti Suzuki India Ltd (Mar 2023)
ROCE Difference : 6.37%
Category : Formula Difference

Samvardhana Motherson International Ltd (Mar 2013)
ROE Difference : 7.95%
Category : Data Source Issue

Samvardhana Motherson International Ltd (Mar 2013)
ROCE Difference : 6.88%
Category : Formula Difference

Samvardhana Motherson International Ltd (Mar 2014)
ROE Difference : 25.27%
Category : Data Source Issue

Samvardhana Motherson International Ltd (Mar 2014)
ROCE Difference : 17.03%
Category : Formula Difference

Samvardhana Motherson International Ltd (Mar 2015)
ROE Difference : 27.07%
Category : Data Source Issue

Samvardhana Motherson International Ltd (Mar 2015)
ROCE Difference : 19.94%
Category : Formula Difference

Samvardhana Motherson International Ltd (Mar 2016)
ROE Difference : 28.55%
Category : Data Source Issue

Samvardhana Motherson International Ltd (Mar 2016)
ROCE Difference : 20.20%
Category : Formula Difference

Samvardhana Motherson International Ltd (Mar 2017)
ROE Difference : 14.46%
Category : Data Source Issue

Samvardhana Motherson International Ltd (Mar 2017)
ROCE Difference : 8.70%
Category : Formula Difference

Samvardhana Motherson International Ltd (Mar 2018)
ROE Difference : 11.07%
Category : Data Source Issue

Samvardhana Motherson International Ltd (Mar 2018)
ROCE Difference : 11.61%
Category : Formula Difference

Samvardhana Motherson International Ltd (Mar 2019)
ROE Difference : 7.34%
Category : Data Source Issue

Samvardhana Motherson International Ltd (Mar 2019)
ROCE Difference : 10.07%
Category : Formula Difference

Samvardhana Motherson International Ltd (Mar 2020)
ROCE Difference : 5.38%
Category : Formula Difference

Samvardhana Motherson International Ltd (Mar 2022)
ROE Difference : 6.06%
Category : Data Source Issue

Samvardhana Motherson International Ltd (Mar 2024)
ROCE Difference : 6.53%
Category : Formula Difference

Info Edge (India) Ltd (Mar 2013)
ROE Difference : 10.06%
Category : Data Source Issue

Info Edge (India) Ltd (Mar 2013)
ROCE Difference : 16.22%
Category : Formula Difference

Info Edge (India) Ltd (Mar 2014)
ROE Difference : 6.49%
Category : Data Source Issue

Info Edge (India) Ltd (Mar 2014)
ROCE Difference : 10.76%
Category : Formula Difference

Info Edge (India) Ltd (Mar 2016)
ROE Difference : 5.21%
Category : Data Source Issue

Info Edge (India) Ltd (Mar 2017)
ROE Difference : 5.14%
Category : Data Source Issue

Info Edge (India) Ltd (Mar 2018)
ROE Difference : 22.06%
Category : Data Source Issue

Info Edge (India) Ltd (Mar 2018)
ROCE Difference : 7.05%
Category : Formula Difference

Info Edge (India) Ltd (Mar 2019)
ROE Difference : 20.84%
Category : Data Source Issue

Info Edge (India) Ltd (Mar 2020)
ROE Difference : 13.65%
Category : Data Source Issue

Info Edge (India) Ltd (Mar 2020)
ROCE Difference : 19.05%
Category : Formula Difference

Info Edge (India) Ltd (Mar 2021)
ROE Difference : 23.84%
Category : Data Source Issue

Info Edge (India) Ltd (Mar 2022)
ROE Difference : 72.27%
Category : Data Source Issue

Nestle India Ltd (Dec 2013)
ROE Difference : 88.44%
Category : Data Source Issue

Nestle India Ltd (Dec 2013)
ROCE Difference : 130.66%
Category : Formula Difference

Nestle India Ltd (Dec 2014)
ROE Difference : 93.84%
Category : Data Source Issue

Nestle India Ltd (Dec 2014)
ROCE Difference : 114.06%
Category : Formula Difference

Nestle India Ltd (Dec 2015)
ROE Difference : 115.62%
Category : Data Source Issue

Nestle India Ltd (Dec 2015)
ROCE Difference : 130.58%
Category : Formula Difference

Nestle India Ltd (Dec 2016)
ROE Difference : 105.11%
Category : Data Source Issue

Nestle India Ltd (Dec 2016)
ROCE Difference : 129.62%
Category : Formula Difference

Nestle India Ltd (Dec 2017)
ROE Difference : 99.79%
Category : Data Source Issue

Nestle India Ltd (Dec 2017)
ROCE Difference : 124.74%
Category : Formula Difference

Nestle India Ltd (Dec 2018)
ROE Difference : 91.86%
Category : Data Source Issue

Nestle India Ltd (Dec 2018)
ROCE Difference : 114.83%
Category : Formula Difference

Nestle India Ltd (Dec 2019)
ROE Difference : 33.00%
Category : Data Source Issue

Nestle India Ltd (Dec 2019)
ROCE Difference : 46.56%
Category : Formula Difference

Nestle India Ltd (Dec 2020)
ROE Difference : 32.49%
Category : Data Source Issue

Nestle India Ltd (Dec 2020)
ROCE Difference : 37.60%
Category : Formula Difference

Nestle India Ltd (Dec 2021)
ROE Difference : 26.77%
Category : Data Source Issue

Nestle India Ltd (Dec 2021)
ROCE Difference : 24.40%
Category : Formula Difference

Nestle India Ltd (Dec 2022)
ROE Difference : 38.38%
Category : Data Source Issue

Nestle India Ltd (Dec 2022)
ROCE Difference : 49.68%
Category : Formula Difference

Nestle India Ltd (Dec 2023)
ROE Difference : 13.65%
Category : Data Source Issue

Nestle India Ltd (Dec 2023)
ROCE Difference : 21.66%
Category : Formula Difference

Nestle India Ltd (Mar 2024)
ROE Difference : 17.86%
Category : Data Source Issue

Nestle India Ltd (Mar 2024)
ROCE Difference : 27.68%
Category : Formula Difference

Oil & Natural Gas Corpn Ltd (Mar 2013)
ROCE Difference : 5.40%
Category : Formula Difference

Oil & Natural Gas Corpn Ltd (Mar 2016)
ROE Difference : 7.70%
Category : Data Source Issue

Oil & Natural Gas Corpn Ltd (Mar 2020)
ROE Difference : 8.73%
Category : Data Source Issue

Oil & Natural Gas Corpn Ltd (Mar 2021)
ROCE Difference : 5.74%
Category : Formula Difference

Power Finance Corporation Ltd (Mar 2013)
ROCE Difference : 6.29%
Category : Formula Difference

Power Finance Corporation Ltd (Mar 2014)
ROCE Difference : 5.89%
Category : Formula Difference

Power Finance Corporation Ltd (Mar 2015)
ROCE Difference : 6.13%
Category : Formula Difference

Power Finance Corporation Ltd (Mar 2016)
ROCE Difference : 6.09%
Category : Formula Difference

Power Finance Corporation Ltd (Mar 2017)
ROE Difference : 13.42%
Category : Data Source Issue

Power Finance Corporation Ltd (Mar 2017)
ROCE Difference : 7.76%
Category : Formula Difference

Power Finance Corporation Ltd (Mar 2018)
ROCE Difference : 7.52%
Category : Formula Difference

Power Finance Corporation Ltd (Mar 2019)
ROE Difference : 7.33%
Category : Data Source Issue

Power Finance Corporation Ltd (Mar 2019)
ROCE Difference : 6.93%
Category : Formula Difference

Power Finance Corporation Ltd (Mar 2020)
ROCE Difference : 7.79%
Category : Formula Difference

Power Finance Corporation Ltd (Mar 2021)
ROE Difference : 6.37%
Category : Data Source Issue

Power Finance Corporation Ltd (Mar 2021)
ROCE Difference : 7.20%
Category : Formula Difference

Power Finance Corporation Ltd (Mar 2022)
ROE Difference : 6.69%
Category : Data Source Issue

Power Finance Corporation Ltd (Mar 2022)
ROCE Difference : 6.77%
Category : Formula Difference

Power Finance Corporation Ltd (Mar 2023)
ROE Difference : 5.68%
Category : Data Source Issue

Power Finance Corporation Ltd (Mar 2023)
ROCE Difference : 6.79%
Category : Formula Difference

Power Finance Corporation Ltd (Mar 2024)
ROE Difference : 6.67%
Category : Data Source Issue

Power Finance Corporation Ltd (Mar 2024)
ROCE Difference : 6.47%
Category : Formula Difference

Pidilite Industries Ltd (Mar 2016)
ROE Difference : 7.79%
Category : Data Source Issue

Pidilite Industries Ltd (Mar 2016)
ROCE Difference : 13.46%
Category : Formula Difference

Pidilite Industries Ltd (Mar 2017)
ROCE Difference : 5.66%
Category : Formula Difference

Pidilite Industries Ltd (Mar 2018)
ROCE Difference : 6.55%
Category : Formula Difference

Punjab National Bank (Mar 2013)
ROE Difference : 803.60%
Category : Data Source Issue

Punjab National Bank (Mar 2013)
ROE Difference : 803.60%
Category : Data Source Issue

Punjab National Bank (Mar 2013)
ROE Difference : 803.60%
Category : Data Source Issue

Punjab National Bank (Mar 2013)
ROE Difference : 803.60%
Category : Data Source Issue

Punjab National Bank (Mar 2013)
ROE Difference : 803.60%
Category : Data Source Issue

Punjab National Bank (Mar 2014)
ROE Difference : 384.66%
Category : Data Source Issue

Punjab National Bank (Mar 2014)
ROE Difference : 384.66%
Category : Data Source Issue

Punjab National Bank (Mar 2014)
ROE Difference : 384.66%
Category : Data Source Issue

Punjab National Bank (Mar 2014)
ROE Difference : 384.66%
Category : Data Source Issue

Punjab National Bank (Mar 2014)
ROE Difference : 384.66%
Category : Data Source Issue

Punjab National Bank (Mar 2015)
ROE Difference : 214.54%
Category : Data Source Issue

Punjab National Bank (Mar 2015)
ROE Difference : 214.54%
Category : Data Source Issue

Punjab National Bank (Mar 2015)
ROE Difference : 214.54%
Category : Data Source Issue

Punjab National Bank (Mar 2015)
ROE Difference : 214.54%
Category : Data Source Issue

Punjab National Bank (Mar 2015)
ROE Difference : 214.54%
Category : Data Source Issue

Punjab National Bank (Mar 2016)
ROE Difference : 172.26%
Category : Data Source Issue

Punjab National Bank (Mar 2016)
ROE Difference : 172.26%
Category : Data Source Issue

Punjab National Bank (Mar 2016)
ROE Difference : 172.26%
Category : Data Source Issue

Punjab National Bank (Mar 2016)
ROE Difference : 172.26%
Category : Data Source Issue

Punjab National Bank (Mar 2016)
ROE Difference : 172.26%
Category : Data Source Issue

Punjab National Bank (Mar 2017)
ROE Difference : 13.51%
Category : Data Source Issue

Punjab National Bank (Mar 2017)
ROE Difference : 13.51%
Category : Data Source Issue

Punjab National Bank (Mar 2017)
ROE Difference : 13.51%
Category : Data Source Issue

Punjab National Bank (Mar 2017)
ROE Difference : 13.51%
Category : Data Source Issue

Punjab National Bank (Mar 2017)
ROE Difference : 13.51%
Category : Data Source Issue

Punjab National Bank (Mar 2018)
ROE Difference : 193.07%
Category : Data Source Issue

Punjab National Bank (Mar 2018)
ROE Difference : 193.07%
Category : Data Source Issue

Punjab National Bank (Mar 2018)
ROE Difference : 193.07%
Category : Data Source Issue

Punjab National Bank (Mar 2018)
ROE Difference : 193.07%
Category : Data Source Issue

Punjab National Bank (Mar 2018)
ROE Difference : 193.07%
Category : Data Source Issue

Punjab National Bank (Mar 2019)
ROE Difference : 137.15%
Category : Data Source Issue

Punjab National Bank (Mar 2019)
ROE Difference : 137.15%
Category : Data Source Issue

Punjab National Bank (Mar 2019)
ROE Difference : 137.15%
Category : Data Source Issue

Punjab National Bank (Mar 2019)
ROE Difference : 137.15%
Category : Data Source Issue

Punjab National Bank (Mar 2019)
ROE Difference : 137.15%
Category : Data Source Issue

Punjab National Bank (Mar 2021)
ROE Difference : 21.69%
Category : Data Source Issue

Punjab National Bank (Mar 2021)
ROE Difference : 21.69%
Category : Data Source Issue

Punjab National Bank (Mar 2021)
ROE Difference : 21.69%
Category : Data Source Issue

Punjab National Bank (Mar 2021)
ROE Difference : 21.69%
Category : Data Source Issue

Punjab National Bank (Mar 2021)
ROE Difference : 21.69%
Category : Data Source Issue

Punjab National Bank (Mar 2022)
ROE Difference : 31.17%
Category : Data Source Issue

Punjab National Bank (Mar 2022)
ROE Difference : 31.17%
Category : Data Source Issue

Punjab National Bank (Mar 2022)
ROE Difference : 31.17%
Category : Data Source Issue

Punjab National Bank (Mar 2022)
ROE Difference : 31.17%
Category : Data Source Issue

Punjab National Bank (Mar 2022)
ROE Difference : 31.17%
Category : Data Source Issue

Punjab National Bank (Mar 2023)
ROE Difference : 21.97%
Category : Data Source Issue

Punjab National Bank (Mar 2023)
ROE Difference : 21.97%
Category : Data Source Issue

Punjab National Bank (Mar 2023)
ROE Difference : 21.97%
Category : Data Source Issue

Punjab National Bank (Mar 2023)
ROE Difference : 21.97%
Category : Data Source Issue

Punjab National Bank (Mar 2023)
ROE Difference : 21.97%
Category : Data Source Issue

Punjab National Bank (Mar 2024)
ROE Difference : 52.62%
Category : Data Source Issue

Punjab National Bank (Mar 2024)
ROE Difference : 52.62%
Category : Data Source Issue

Punjab National Bank (Mar 2024)
ROE Difference : 52.62%
Category : Data Source Issue

Punjab National Bank (Mar 2024)
ROE Difference : 52.62%
Category : Data Source Issue

Punjab National Bank (Mar 2024)
ROE Difference : 52.62%
Category : Data Source Issue

Power Grid Corporation of India Ltd (Mar 2014)
ROE Difference : 5.89%
Category : Data Source Issue

Power Grid Corporation of India Ltd (Mar 2014)
ROE Difference : 5.89%
Category : Data Source Issue

Power Grid Corporation of India Ltd (Mar 2015)
ROE Difference : 5.87%
Category : Data Source Issue

Power Grid Corporation of India Ltd (Mar 2015)
ROE Difference : 5.87%
Category : Data Source Issue

Power Grid Corporation of India Ltd (Mar 2016)
ROE Difference : 5.45%
Category : Data Source Issue

Power Grid Corporation of India Ltd (Mar 2016)
ROE Difference : 5.45%
Category : Data Source Issue

Power Grid Corporation of India Ltd (Mar 2023)
ROCE Difference : 5.50%
Category : Formula Difference

Power Grid Corporation of India Ltd (Mar 2023)
ROCE Difference : 5.50%
Category : Formula Difference

Power Grid Corporation of India Ltd (Mar 2024)
ROCE Difference : 5.71%
Category : Formula Difference

Power Grid Corporation of India Ltd (Mar 2024)
ROCE Difference : 5.71%
Category : Formula Difference

REC Ltd (Mar 2018)
ROE Difference : 8.54%
Category : Data Source Issue

REC Ltd (Mar 2019)
ROE Difference : 5.58%
Category : Data Source Issue

REC Ltd (Mar 2020)
ROE Difference : 8.15%
Category : Data Source Issue

SBI Life Insurance Company Ltd (Mar 2013)
ROE Difference : 11.03%
Category : Data Source Issue

SBI Life Insurance Company Ltd (Mar 2014)
ROE Difference : 9.69%
Category : Data Source Issue

SBI Life Insurance Company Ltd (Mar 2015)
ROE Difference : 8.09%
Category : Data Source Issue

SBI Life Insurance Company Ltd (Mar 2015)
ROCE Difference : 6.38%
Category : Formula Difference

SBI Life Insurance Company Ltd (Mar 2016)
ROE Difference : 5.83%
Category : Data Source Issue

SBI Life Insurance Company Ltd (Mar 2016)
ROCE Difference : 6.24%
Category : Formula Difference

SBI Life Insurance Company Ltd (Mar 2017)
ROE Difference : 5.20%
Category : Data Source Issue

SBI Life Insurance Company Ltd (Mar 2017)
ROCE Difference : 6.04%
Category : Formula Difference

SBI Life Insurance Company Ltd (Mar 2018)
ROE Difference : 5.62%
Category : Data Source Issue

SBI Life Insurance Company Ltd (Mar 2018)
ROCE Difference : 7.20%
Category : Formula Difference

SBI Life Insurance Company Ltd (Mar 2019)
ROE Difference : 5.52%
Category : Data Source Issue

SBI Life Insurance Company Ltd (Mar 2019)
ROCE Difference : 6.26%
Category : Formula Difference

SBI Life Insurance Company Ltd (Mar 2022)
ROCE Difference : 6.92%
Category : Formula Difference

SBI Life Insurance Company Ltd (Mar 2023)
ROCE Difference : 12.26%
Category : Formula Difference

SBI Life Insurance Company Ltd (Mar 2024)
ROCE Difference : 11.55%
Category : Formula Difference

Shree Cement Ltd (Jun 2013)
ROE Difference : 13.92%
Category : Data Source Issue

Shree Cement Ltd (Jun 2013)
ROCE Difference : 15.62%
Category : Formula Difference

Shree Cement Ltd (Jun 2014)
ROCE Difference : 8.72%
Category : Formula Difference

Shree Cement Ltd (Jun 2015)
ROCE Difference : 6.90%
Category : Formula Difference

Shree Cement Ltd (Mar 2017)
ROE Difference : 5.19%
Category : Data Source Issue

Shree Cement Ltd (Mar 2017)
ROCE Difference : 13.15%
Category : Formula Difference

Shree Cement Ltd (Mar 2018)
ROCE Difference : 5.31%
Category : Formula Difference

Shree Cement Ltd (Mar 2019)
ROCE Difference : 7.62%
Category : Formula Difference

Shree Cement Ltd (Mar 2020)
ROCE Difference : 8.31%
Category : Formula Difference

Shree Cement Ltd (Mar 2021)
ROCE Difference : 8.41%
Category : Formula Difference

Shree Cement Ltd (Mar 2024)
ROCE Difference : 5.41%
Category : Formula Difference

Shriram Finance Ltd
 (Mar 2013)
ROCE Difference : 5.95%
Category : Formula Difference

Shriram Finance Ltd
 (Mar 2014)
ROCE Difference : 7.06%
Category : Formula Difference

Shriram Finance Ltd
 (Mar 2015)
ROCE Difference : 8.28%
Category : Formula Difference

Shriram Finance Ltd
 (Mar 2016)
ROCE Difference : 8.26%
Category : Formula Difference

Shriram Finance Ltd
 (Mar 2017)
ROCE Difference : 8.24%
Category : Formula Difference

Shriram Finance Ltd
 (Mar 2018)
ROCE Difference : 7.33%
Category : Formula Difference

Shriram Finance Ltd
 (Mar 2019)
ROCE Difference : 7.64%
Category : Formula Difference

Shriram Finance Ltd
 (Mar 2020)
ROCE Difference : 8.14%
Category : Formula Difference

Shriram Finance Ltd
 (Mar 2021)
ROCE Difference : 8.65%
Category : Formula Difference

Shriram Finance Ltd
 (Mar 2022)
ROE Difference : 5.47%
Category : Data Source Issue

Shriram Finance Ltd
 (Mar 2022)
ROCE Difference : 8.70%
Category : Formula Difference

Shriram Finance Ltd
 (Mar 2023)
ROCE Difference : 7.06%
Category : Formula Difference

Shriram Finance Ltd
 (Mar 2024)
ROCE Difference : 7.00%
Category : Formula Difference

Siemens Ltd (Sep 2011)
ROCE Difference : 5.09%
Category : Formula Difference

Siemens Ltd (Sep 2014)
ROE Difference : 5.32%
Category : Data Source Issue

Siemens Ltd (Sep 2014)
ROCE Difference : 22.88%
Category : Formula Difference

Siemens Ltd (Sep 2015)
ROCE Difference : 6.19%
Category : Formula Difference

Siemens Ltd (Sep 2016)
ROE Difference : 23.73%
Category : Data Source Issue

Siemens Ltd (Sep 2016)
ROCE Difference : 10.65%
Category : Formula Difference

Siemens Ltd (Sep 2017)
ROCE Difference : 11.87%
Category : Formula Difference

Siemens Ltd (Sep 2018)
ROE Difference : 8.24%
Category : Data Source Issue

Siemens Ltd (Sep 2018)
ROCE Difference : 9.61%
Category : Formula Difference

Siemens Ltd (Sep 2019)
ROE Difference : 6.96%
Category : Data Source Issue

Siemens Ltd (Sep 2019)
ROCE Difference : 9.13%
Category : Formula Difference

Siemens Ltd (Sep 2020)
ROE Difference : 11.00%
Category : Data Source Issue

Siemens Ltd (Sep 2020)
ROCE Difference : 15.03%
Category : Formula Difference

Siemens Ltd (Sep 2021)
ROE Difference : 8.58%
Category : Data Source Issue

Siemens Ltd (Sep 2021)
ROCE Difference : 11.57%
Category : Formula Difference

Siemens Ltd (Sep 2022)
ROE Difference : 5.81%
Category : Data Source Issue

Siemens Ltd (Sep 2022)
ROCE Difference : 9.83%
Category : Formula Difference

Siemens Ltd (Sep 2023)
ROCE Difference : 6.85%
Category : Formula Difference

Siemens Ltd (Sep 2024)
ROCE Difference : 5.75%
Category : Formula Difference

Sun Pharmaceuticals Industries Ltd (Mar 2013)
ROE Difference : 6.44%
Category : Data Source Issue

Sun Pharmaceuticals Industries Ltd (Mar 2013)
ROCE Difference : 14.07%
Category : Formula Difference

Sun Pharmaceuticals Industries Ltd (Mar 2014)
ROCE Difference : 15.91%
Category : Formula Difference

Sun Pharmaceuticals Industries Ltd (Mar 2015)
ROCE Difference : 5.49%
Category : Formula Difference

Sun Pharmaceuticals Industries Ltd (Mar 2018)
ROE Difference : 10.07%
Category : Data Source Issue

Sun Pharmaceuticals Industries Ltd (Mar 2018)
ROCE Difference : 5.74%
Category : Formula Difference

Sun Pharmaceuticals Industries Ltd (Mar 2019)
ROE Difference : 8.95%
Category : Data Source Issue

Sun Pharmaceuticals Industries Ltd (Mar 2019)
ROCE Difference : 5.02%
Category : Formula Difference

Sun Pharmaceuticals Industries Ltd (Mar 2020)
ROE Difference : 7.48%
Category : Data Source Issue

Sun Pharmaceuticals Industries Ltd (Mar 2021)
ROE Difference : 11.81%
Category : Data Source Issue

Sun Pharmaceuticals Industries Ltd (Mar 2022)
ROE Difference : 9.64%
Category : Data Source Issue

Tata Consumer Products Ltd (Mar 2016)
ROE Difference : 8.91%
Category : Data Source Issue

Tata Consumer Products Ltd (Mar 2016)
ROCE Difference : 5.78%
Category : Formula Difference

Tata Motors Ltd (Mar 2013)
ROE Difference : 22.89%
Category : Data Source Issue

Tata Motors Ltd (Mar 2013)
ROCE Difference : 6.82%
Category : Formula Difference

Tata Motors Ltd (Mar 2014)
ROE Difference : 27.98%
Category : Data Source Issue

Tata Motors Ltd (Mar 2014)
ROCE Difference : 7.51%
Category : Formula Difference

Tata Motors Ltd (Mar 2015)
ROE Difference : 24.39%
Category : Data Source Issue

Tata Motors Ltd (Mar 2015)
ROCE Difference : 10.11%
Category : Formula Difference

Tata Motors Ltd (Mar 2016)
ROE Difference : 34.61%
Category : Data Source Issue

Tata Motors Ltd (Mar 2016)
ROCE Difference : 5.79%
Category : Formula Difference

Tata Motors Ltd (Mar 2017)
ROE Difference : 36.38%
Category : Data Source Issue

Tata Motors Ltd (Mar 2018)
ROE Difference : 39.87%
Category : Data Source Issue

Tata Motors Ltd (Mar 2019)
ROE Difference : 97.13%
Category : Data Source Issue

Tata Motors Ltd (Mar 2019)
ROCE Difference : 5.27%
Category : Formula Difference

Tata Motors Ltd (Mar 2020)
ROE Difference : 68.38%
Category : Data Source Issue

Tata Motors Ltd (Mar 2020)
ROCE Difference : 10.53%
Category : Formula Difference

Tata Motors Ltd (Mar 2021)
ROE Difference : 73.65%
Category : Data Source Issue

Tata Motors Ltd (Mar 2022)
ROE Difference : 74.78%
Category : Data Source Issue

Tata Motors Ltd (Mar 2022)
ROCE Difference : 7.16%
Category : Formula Difference

Tata Motors Ltd (Mar 2023)
ROE Difference : 43.46%
Category : Data Source Issue

Tata Motors Ltd (Mar 2024)
ROE Difference : 11.94%
Category : Data Source Issue

Tata Motors Ltd (Mar 2024)
ROCE Difference : 10.88%
Category : Formula Difference

Tata Power Company Ltd
 (Mar 2013)
ROE Difference : 10.30%
Category : Data Source Issue

Tata Power Company Ltd
 (Mar 2014)
ROE Difference : 11.20%
Category : Data Source Issue

Tata Power Company Ltd
 (Mar 2015)
ROE Difference : 8.11%
Category : Data Source Issue

Tata Power Company Ltd
 (Mar 2016)
ROCE Difference : 6.93%
Category : Formula Difference

Tata Power Company Ltd
 (Mar 2018)
ROCE Difference : 7.57%
Category : Formula Difference

Tata Power Company Ltd
 (Mar 2019)
ROCE Difference : 6.50%
Category : Formula Difference

Tata Steel Ltd
 (Mar 2013)
ROE Difference : 27.83%
Category : Data Source Issue

Tata Steel Ltd
 (Mar 2014)
ROCE Difference : 6.23%
Category : Formula Difference

Tata Steel Ltd
 (Mar 2015)
ROE Difference : 19.11%
Category : Data Source Issue

Tata Steel Ltd
 (Mar 2016)
ROE Difference : 7.69%
Category : Data Source Issue

Tata Steel Ltd
 (Mar 2016)
ROCE Difference : 7.52%
Category : Formula Difference

Tata Steel Ltd
 (Mar 2017)
ROE Difference : 17.57%
Category : Data Source Issue

Tata Steel Ltd
 (Mar 2018)
ROE Difference : 22.60%
Category : Data Source Issue

Tata Steel Ltd
 (Mar 2018)
ROCE Difference : 6.99%
Category : Formula Difference

Tata Steel Ltd
 (Mar 2019)
ROE Difference : 6.68%
Category : Data Source Issue

Tata Steel Ltd
 (Mar 2019)
ROCE Difference : 10.25%
Category : Formula Difference

Tata Steel Ltd
 (Mar 2021)
ROCE Difference : 11.72%
Category : Formula Difference

Tata Steel Ltd
 (Mar 2022)
ROE Difference : 29.93%
Category : Data Source Issue

Tata Steel Ltd
 (Mar 2022)
ROCE Difference : 26.40%
Category : Formula Difference

Tata Steel Ltd
 (Mar 2023)
ROCE Difference : 10.16%
Category : Formula Difference

Tata Steel Ltd
 (Mar 2024)
ROE Difference : 11.88%
Category : Data Source Issue

Tata Steel Ltd
 (Mar 2024)
ROCE Difference : 5.40%
Category : Formula Difference

Tata Consultancy Services Ltd (Mar 2013)
ROE Difference : 36.00%
Category : Data Source Issue

Tata Consultancy Services Ltd (Mar 2013)
ROCE Difference : 17.90%
Category : Formula Difference

Tata Consultancy Services Ltd (Mar 2014)
ROE Difference : 38.78%
Category : Data Source Issue

Tata Consultancy Services Ltd (Mar 2014)
ROCE Difference : 13.48%
Category : Formula Difference

Tata Consultancy Services Ltd (Mar 2015)
ROE Difference : 39.10%
Category : Data Source Issue

Tata Consultancy Services Ltd (Mar 2015)
ROCE Difference : 16.29%
Category : Formula Difference

Tata Consultancy Services Ltd (Mar 2016)
ROE Difference : 33.72%
Category : Data Source Issue

Tata Consultancy Services Ltd (Mar 2016)
ROCE Difference : 21.29%
Category : Formula Difference

Tata Consultancy Services Ltd (Mar 2017)
ROE Difference : 30.05%
Category : Data Source Issue

Tata Consultancy Services Ltd (Mar 2017)
ROCE Difference : 26.95%
Category : Formula Difference

Tata Consultancy Services Ltd (Mar 2018)
ROE Difference : 29.88%
Category : Data Source Issue

Tata Consultancy Services Ltd (Mar 2018)
ROCE Difference : 26.21%
Category : Formula Difference

Tata Consultancy Services Ltd (Mar 2019)
ROE Difference : 34.77%
Category : Data Source Issue

Tata Consultancy Services Ltd (Mar 2019)
ROCE Difference : 20.16%
Category : Formula Difference

Tata Consultancy Services Ltd (Mar 2020)
ROE Difference : 38.05%
Category : Data Source Issue

Tata Consultancy Services Ltd (Mar 2020)
ROCE Difference : 18.68%
Category : Formula Difference

Tata Consultancy Services Ltd (Mar 2021)
ROE Difference : 37.15%
Category : Data Source Issue

Tata Consultancy Services Ltd (Mar 2021)
ROCE Difference : 14.90%
Category : Formula Difference

Tata Consultancy Services Ltd (Mar 2022)
ROE Difference : 42.61%
Category : Data Source Issue

Tata Consultancy Services Ltd (Mar 2022)
ROCE Difference : 9.58%
Category : Formula Difference

Tata Consultancy Services Ltd (Mar 2023)
ROE Difference : 46.26%
Category : Data Source Issue

Tata Consultancy Services Ltd (Mar 2024)
ROE Difference : 50.42%
Category : Data Source Issue

Tech Mahindra Ltd (Mar 2013)
ROE Difference : 15.46%
Category : Data Source Issue

Tech Mahindra Ltd (Mar 2013)
ROCE Difference : 8.99%
Category : Formula Difference

Tech Mahindra Ltd (Mar 2013)
ROE Difference : 15.46%
Category : Data Source Issue

Tech Mahindra Ltd (Mar 2013)
ROCE Difference : 8.99%
Category : Formula Difference

Tech Mahindra Ltd (Mar 2014)
ROE Difference : 24.72%
Category : Data Source Issue

Tech Mahindra Ltd (Mar 2014)
ROCE Difference : 31.81%
Category : Formula Difference

Tech Mahindra Ltd (Mar 2014)
ROE Difference : 24.72%
Category : Data Source Issue

Tech Mahindra Ltd (Mar 2014)
ROCE Difference : 31.81%
Category : Formula Difference

Tech Mahindra Ltd (Mar 2015)
ROE Difference : 13.08%
Category : Data Source Issue

Tech Mahindra Ltd (Mar 2015)
ROCE Difference : 20.48%
Category : Formula Difference

Tech Mahindra Ltd (Mar 2015)
ROE Difference : 13.08%
Category : Data Source Issue

Tech Mahindra Ltd (Mar 2015)
ROCE Difference : 20.48%
Category : Formula Difference

Tech Mahindra Ltd (Mar 2016)
ROE Difference : 12.12%
Category : Data Source Issue

Tech Mahindra Ltd (Mar 2016)
ROCE Difference : 15.26%
Category : Formula Difference

Tech Mahindra Ltd (Mar 2016)
ROE Difference : 12.12%
Category : Data Source Issue

Tech Mahindra Ltd (Mar 2016)
ROCE Difference : 15.26%
Category : Formula Difference

Tech Mahindra Ltd (Mar 2017)
ROE Difference : 8.72%
Category : Data Source Issue

Tech Mahindra Ltd (Mar 2017)
ROCE Difference : 11.60%
Category : Formula Difference

Tech Mahindra Ltd (Mar 2017)
ROE Difference : 8.72%
Category : Data Source Issue

Tech Mahindra Ltd (Mar 2017)
ROCE Difference : 11.60%
Category : Formula Difference

Tech Mahindra Ltd (Mar 2018)
ROE Difference : 11.46%
Category : Data Source Issue

Tech Mahindra Ltd (Mar 2018)
ROCE Difference : 10.28%
Category : Formula Difference

Tech Mahindra Ltd (Mar 2018)
ROE Difference : 11.46%
Category : Data Source Issue

Tech Mahindra Ltd (Mar 2018)
ROCE Difference : 10.28%
Category : Formula Difference

Tech Mahindra Ltd (Mar 2019)
ROE Difference : 12.51%
Category : Data Source Issue

Tech Mahindra Ltd (Mar 2019)
ROCE Difference : 16.25%
Category : Formula Difference

Tech Mahindra Ltd (Mar 2019)
ROE Difference : 12.51%
Category : Data Source Issue

Tech Mahindra Ltd (Mar 2019)
ROCE Difference : 16.25%
Category : Formula Difference

Tech Mahindra Ltd (Mar 2020)
ROE Difference : 9.24%
Category : Data Source Issue

Tech Mahindra Ltd (Mar 2020)
ROCE Difference : 9.69%
Category : Formula Difference

Tech Mahindra Ltd (Mar 2020)
ROE Difference : 9.24%
Category : Data Source Issue

Tech Mahindra Ltd (Mar 2020)
ROCE Difference : 9.69%
Category : Formula Difference

Tech Mahindra Ltd (Mar 2021)
ROE Difference : 8.88%
Category : Data Source Issue

Tech Mahindra Ltd (Mar 2021)
ROCE Difference : 12.58%
Category : Formula Difference

Tech Mahindra Ltd (Mar 2021)
ROE Difference : 8.88%
Category : Data Source Issue

Tech Mahindra Ltd (Mar 2021)
ROCE Difference : 12.58%
Category : Formula Difference

Tech Mahindra Ltd (Mar 2022)
ROE Difference : 12.31%
Category : Data Source Issue

Tech Mahindra Ltd (Mar 2022)
ROCE Difference : 15.28%
Category : Formula Difference

Tech Mahindra Ltd (Mar 2022)
ROE Difference : 12.31%
Category : Data Source Issue

Tech Mahindra Ltd (Mar 2022)
ROCE Difference : 15.28%
Category : Formula Difference

Tech Mahindra Ltd (Mar 2023)
ROE Difference : 8.76%
Category : Data Source Issue

Tech Mahindra Ltd (Mar 2023)
ROCE Difference : 13.42%
Category : Formula Difference

Tech Mahindra Ltd (Mar 2023)
ROE Difference : 8.76%
Category : Data Source Issue

Tech Mahindra Ltd (Mar 2023)
ROCE Difference : 13.42%
Category : Formula Difference

Titan Company Ltd
 (Mar 2013)
ROCE Difference : 28.77%
Category : Formula Difference

Titan Company Ltd
 (Mar 2014)
ROCE Difference : 8.74%
Category : Formula Difference

Titan Company Ltd
 (Mar 2015)
ROE Difference : 6.44%
Category : Data Source Issue

Titan Company Ltd
 (Mar 2015)
ROCE Difference : 13.51%
Category : Formula Difference

Titan Company Ltd
 (Mar 2016)
ROE Difference : 13.65%
Category : Data Source Issue

Titan Company Ltd
 (Mar 2017)
ROE Difference : 16.43%
Category : Data Source Issue

Titan Company Ltd
 (Mar 2018)
ROE Difference : 11.25%
Category : Data Source Issue

Titan Company Ltd
 (Mar 2019)
ROE Difference : 10.02%
Category : Data Source Issue

Titan Company Ltd
 (Mar 2020)
ROE Difference : 10.51%
Category : Data Source Issue

Titan Company Ltd
 (Mar 2021)
ROE Difference : 19.91%
Category : Data Source Issue

Titan Company Ltd
 (Mar 2021)
ROCE Difference : 9.57%
Category : Formula Difference

Titan Company Ltd
 (Mar 2022)
ROE Difference : 9.27%
Category : Data Source Issue

Titan Company Ltd
 (Mar 2023)
ROE Difference : 5.27%
Category : Data Source Issue

Torrent Pharmaceuticals Ltd (Mar 2013)
ROE Difference : 6.39%
Category : Data Source Issue

Torrent Pharmaceuticals Ltd (Mar 2013)
ROCE Difference : 9.76%
Category : Formula Difference

Torrent Pharmaceuticals Ltd (Mar 2014)
ROE Difference : 10.69%
Category : Data Source Issue

Torrent Pharmaceuticals Ltd (Mar 2014)
ROCE Difference : 8.27%
Category : Formula Difference

Torrent Pharmaceuticals Ltd (Mar 2015)
ROE Difference : 5.95%
Category : Data Source Issue

Torrent Pharmaceuticals Ltd (Mar 2016)
ROE Difference : 25.40%
Category : Data Source Issue

Torrent Pharmaceuticals Ltd (Mar 2016)
ROCE Difference : 23.55%
Category : Formula Difference

Torrent Pharmaceuticals Ltd (Mar 2018)
ROE Difference : 9.53%
Category : Data Source Issue

Torrent Pharmaceuticals Ltd (Mar 2018)
ROCE Difference : 11.03%
Category : Formula Difference

Torrent Pharmaceuticals Ltd (Mar 2019)
ROE Difference : 14.97%
Category : Data Source Issue

Torrent Pharmaceuticals Ltd (Mar 2022)
ROE Difference : 11.15%
Category : Data Source Issue

Torrent Pharmaceuticals Ltd (Mar 2024)
ROCE Difference : 7.76%
Category : Formula Difference

Trent Ltd (Mar 2013)
ROE Difference : 29.39%
Category : Data Source Issue

Trent Ltd (Mar 2013)
ROCE Difference : 23.48%
Category : Formula Difference

Trent Ltd (Mar 2014)
ROE Difference : 29.12%
Category : Data Source Issue

Trent Ltd (Mar 2014)
ROCE Difference : 24.56%
Category : Formula Difference

Trent Ltd (Mar 2015)
ROE Difference : 18.13%
Category : Data Source Issue

Trent Ltd (Mar 2015)
ROCE Difference : 18.59%
Category : Formula Difference

Trent Ltd (Mar 2016)
ROE Difference : 23.44%
Category : Data Source Issue

Trent Ltd (Mar 2016)
ROCE Difference : 18.97%
Category : Formula Difference

Trent Ltd (Mar 2017)
ROE Difference : 21.71%
Category : Data Source Issue

Trent Ltd (Mar 2017)
ROCE Difference : 16.89%
Category : Formula Difference

Trent Ltd (Mar 2018)
ROE Difference : 21.75%
Category : Data Source Issue

Trent Ltd (Mar 2018)
ROCE Difference : 13.33%
Category : Formula Difference

Trent Ltd (Mar 2019)
ROE Difference : 21.43%
Category : Data Source Issue

Trent Ltd (Mar 2019)
ROCE Difference : 12.54%
Category : Formula Difference

Trent Ltd (Mar 2020)
ROE Difference : 22.76%
Category : Data Source Issue

Trent Ltd (Mar 2021)
ROE Difference : 35.03%
Category : Data Source Issue

Trent Ltd (Mar 2021)
ROCE Difference : 19.44%
Category : Formula Difference

Trent Ltd (Mar 2022)
ROE Difference : 25.72%
Category : Data Source Issue

Trent Ltd (Mar 2022)
ROCE Difference : 15.41%
Category : Formula Difference

Trent Ltd (Mar 2023)
ROE Difference : 12.02%
Category : Data Source Issue

Trent Ltd (Mar 2023)
ROCE Difference : 8.02%
Category : Formula Difference

Trent Ltd (Mar 2024)
ROE Difference : 9.11%
Category : Data Source Issue

Trent Ltd (Mar 2024)
ROCE Difference : 10.06%
Category : Formula Difference

Interglobe Aviation Ltd (Mar 2013)
ROCE Difference : 54183.29%
Category : Formula Difference

Interglobe Aviation Ltd (Mar 2014)
ROCE Difference : 58040.72%
Category : Formula Difference

Interglobe Aviation Ltd (Mar 2015)
ROCE Difference : 39521.55%
Category : Formula Difference

Interglobe Aviation Ltd (Mar 2016)
ROCE Difference : 9419.46%
Category : Formula Difference

Interglobe Aviation Ltd (Mar 2017)
ROCE Difference : 10883.50%
Category : Formula Difference

Interglobe Aviation Ltd (Mar 2018)
ROCE Difference : 12956.67%
Category : Formula Difference

Interglobe Aviation Ltd (Mar 2019)
ROCE Difference : 13177.34%
Category : Formula Difference

Interglobe Aviation Ltd (Mar 2020)
ROCE Difference : 12450.70%
Category : Formula Difference

Interglobe Aviation Ltd (Mar 2021)
ROCE Difference : 2530.12%
Category : Formula Difference

Interglobe Aviation Ltd (Mar 2022)
ROCE Difference : 3808.28%
Category : Formula Difference

Interglobe Aviation Ltd (Mar 2023)
ROCE Difference : 6049.77%
Category : Formula Difference

Interglobe Aviation Ltd (Mar 2024)
ROCE Difference : 5616.38%
Category : Formula Difference

